FID,NUMPOINTS,voronoi_ar,ward_id
"4376",1,"74401","1"
"3667",1,"64391","1"
"902",1,"2282","2"
"928",1,"789","2"
"911",1,"8118","2"
"3882",1,"18633","2"
"1112",1,"3183","2"
"381",1,"7103","2"
"878",1,"20820","2"
"512",1,"1296","2"
"1131",1,"6583","2"
"426",1,"5482","2"
"472",1,"2909","2"
"482",1,"1477","2"
"521",1,"1384","2"
"1282",1,"10058","2"
"3754",1,"2223","2"
"466",1,"1236","2"
"406",1,"2445","2"
"839",1,"3121","2"
"535",1,"992","2"
"497",1,"2360","2"
"527",1,"474","2"
"3732",1,"3287","2"
"820",1,"5118","2"
"3755",1,"3591","2"
"575",1,"3031","2"
"617",1,"9455","2"
"529",1,"346","2"
"552",1,"533","2"
"725",1,"4789","2"
"610",1,"4401","2"
"3865",1,"13766","2"
"1126",1,"4837","2"
"708",1,"8781","2"
"773",1,"8683","2"
"3734",1,"2760","2"
"528",1,"637","2"
"858",1,"6967","2"
"560",1,"277","2"
"1141",1,"5150","2"
"921",1,"14348","2"
"530",1,"3157","2"
"556",1,"2845","2"
"1013",1,"8737","2"
"1051",1,"7451","2"
"871",1,"2250","2"
"894",1,"5311","2"
"868",1,"1338","2"
"3735",1,"3313","2"
"1138",1,"6360","2"
"3886",1,"12925","2"
"850",1,"11615","2"
"3736",1,"6435","2"
"1005",1,"5270","2"
"3738",1,"7143","2"
"3760",1,"5630","2"
"713",1,"11228","2"
"1323",1,"9085","2"
"558",1,"5091","2"
"517",1,"1651","2"
"649",1,"4992","2"
"498",1,"1116","2"
"3857",1,"8958","2"
"628",1,"1940","2"
"499",1,"1062","2"
"1018",1,"11283","2"
"621",1,"4010","2"
"1135",1,"6691","2"
"3885",1,"9290","2"
"3832",1,"17238","2"
"685",1,"4385","2"
"655",1,"1231","2"
"571",1,"3515","2"
"1624",1,"8366","2"
"3888",1,"11925","2"
"658",1,"1589","2"
"689",1,"6627","2"
"3822",1,"15996","2"
"640",1,"1573","2"
"1148",1,"10183","2"
"606",1,"3985","2"
"662",1,"1777","2"
"502",1,"8400","2"
"1504",1,"5924","2"
"866",1,"19462","2"
"579",1,"6000","2"
"641",1,"4233","2"
"3793",1,"5068","2"
"1440",1,"11108","2"
"3914",1,"7196","2"
"721",1,"9890","2"
"1293",1,"2594","2"
"1367",1,"9206","2"
"1273",1,"406","2"
"3958",1,"4530","2"
"1042",1,"11137","2"
"988",1,"8139","2"
"1269",1,"1833","2"
"3915",1,"3404","2"
"779",1,"11013","2"
"3796",1,"4164","2"
"3795",1,"3630","2"
"3920",1,"4793","2"
"1175",1,"15589","2"
"993",1,"3022","2"
"1027",1,"5134","2"
"522",1,"15718","2"
"981",1,"2221","2"
"593",1,"8013","2"
"1060",1,"9610","2"
"965",1,"11454","2"
"666",1,"2473","2"
"717",1,"3538","2"
"1044",1,"2775","2"
"735",1,"4214","2"
"3918",1,"6136","2"
"1701",1,"6236","2"
"677",1,"5027","2"
"852",1,"28519","2"
"790",1,"8838","2"
"1526",1,"11676","2"
"3788",1,"4987","2"
"984",1,"23430","2"
"1528",1,"5265","2"
"1281",1,"3067","2"
"731",1,"5874","2"
"1496",1,"5936","2"
"3965",1,"12035","2"
"543",1,"9339","2"
"598",1,"6701","2"
"722",1,"1618","2"
"694",1,"5418","2"
"1054",1,"13328","2"
"1192",1,"11747","2"
"3919",1,"4801","2"
"1358",1,"5923","2"
"645",1,"4474","2"
"500",1,"8056","2"
"435",1,"6087","2"
"524",1,"2269","2"
"1216",1,"4583","2"
"1359",1,"1009","2"
"3910",1,"3857","2"
"1147",1,"12636","2"
"706",1,"9356","2"
"569",1,"6676","2"
"1222",1,"5874","2"
"506",1,"3145","2"
"650",1,"5105","2"
"1483",1,"3517","2"
"1541",1,"5823","2"
"1362",1,"3577","2"
"1079",1,"5697","2"
"518",1,"3075","2"
"533",1,"1793","2"
"1559",1,"3822","2"
"1427",1,"5105","2"
"1256",1,"4466","2"
"3753",1,"6706","2"
"1335",1,"3583","2"
"1384",1,"5141","2"
"3876",1,"25460","2"
"520",1,"3929","2"
"1088",1,"7306","2"
"3767",1,"11342","2"
"3972",1,"2201","2"
"832",1,"18057","2"
"539",1,"3510","2"
"3973",1,"1266","2"
"531",1,"9658","2"
"710",1,"11155","2"
"1336",1,"4894","2"
"1170",1,"13081","2"
"3941",1,"5138","2"
"1403",1,"3773","2"
"668",1,"26882","2"
"1364",1,"9207","2"
"548",1,"13248","2"
"1267",1,"11732","2"
"3933",1,"4362","2"
"716",1,"25934","2"
"3913",1,"7580","2"
"1503",1,"1354","3"
"1487",1,"2597","3"
"1587",1,"1317","3"
"1531",1,"2624","3"
"1495",1,"2951","3"
"1544",1,"1119","3"
"1616",1,"1326","3"
"1566",1,"954","3"
"1583",1,"1414","3"
"1670",1,"980","3"
"1623",1,"1628","3"
"1525",1,"9669","3"
"1549",1,"3810","3"
"1602",1,"619","3"
"1645",1,"1523","3"
"1676",1,"1961","3"
"1641",1,"2043","3"
"1599",1,"2656","3"
"1720",1,"1525","3"
"4008",1,"840","3"
"1687",1,"3719","3"
"1436",1,"9388","3"
"4005",1,"2595","3"
"1630",1,"3894","3"
"1425",1,"2748","3"
"1510",1,"6766","3"
"1540",1,"2576","3"
"1568",1,"1465","3"
"1700",1,"1677","3"
"4007",1,"2543","3"
"1577",1,"1376","3"
"1606",1,"1478","3"
"1636",1,"803","3"
"1619",1,"609","3"
"1629",1,"1375","3"
"1711",1,"2616","3"
"3951",1,"3630","3"
"3940",1,"5504","3"
"1530",1,"4319","3"
"1463",1,"3044","3"
"1468",1,"2032","3"
"1490",1,"5084","3"
"1721",1,"2717","3"
"1661",1,"3234","3"
"1806",1,"1453","3"
"4019",1,"1775","3"
"1722",1,"1487","3"
"1621",1,"2270","3"
"1353",1,"2404","3"
"1723",1,"2221","3"
"1609",1,"969","3"
"1693",1,"1807","3"
"1669",1,"1964","3"
"1392",1,"5213","3"
"1464",1,"8620","3"
"1601",1,"1968","3"
"1322",1,"1534","3"
"1363",1,"2998","3"
"1758",1,"6823","3"
"4003",1,"2862","3"
"1828",1,"9030","3"
"1581",1,"3602","3"
"1666",1,"2826","3"
"1401",1,"6272","3"
"3977",1,"4068","3"
"1524",1,"6579","3"
"1328",1,"6412","3"
"1291",1,"4848","3"
"1652",1,"4141","3"
"3992",1,"4532","3"
"1247",1,"2303","3"
"1435",1,"7033","3"
"1486",1,"3977","3"
"1902",1,"5955","3"
"3964",1,"5480","3"
"1268",1,"1789","3"
"1657",1,"3783","3"
"3996",1,"13426","3"
"1903",1,"7765","3"
"1482",1,"2989","3"
"1542",1,"1136","3"
"1537",1,"3021","3"
"1455",1,"5662","3"
"1574",1,"2510","3"
"1674",1,"3112","3"
"1603",1,"2256","3"
"1626",1,"2162","3"
"1411",1,"10162","3"
"3947",1,"3524","3"
"1262",1,"4755","3"
"1546",1,"1643","3"
"1575",1,"1798","3"
"3924",1,"8593","3"
"3907",1,"11670","3"
"1522",1,"4725","3"
"1974",1,"1623","3"
"1467",1,"6514","3"
"1919",1,"6025","3"
"3970",1,"3602","3"
"1686",1,"2986","3"
"1678",1,"3648","3"
"1119",1,"15012","3"
"4060",1,"2574","3"
"1554",1,"4669","3"
"1770",1,"14021","3"
"1327",1,"2167","3"
"1368",1,"6157","3"
"1922",1,"1065","3"
"1249",1,"3339","3"
"1314",1,"4431","3"
"4046",1,"8474","3"
"1413",1,"5647","3"
"1927",1,"4638","3"
"1713",1,"8458","3"
"1668",1,"8688","3"
"1446",1,"4280","3"
"1590",1,"9933","3"
"1470",1,"6407","3"
"1123",1,"4113","3"
"1498",1,"7045","3"
"1978",1,"3505","3"
"1965",1,"1765","3"
"1948",1,"3035","3"
"1416",1,"8057","3"
"1355",1,"6779","3"
"1393",1,"3795","3"
"1876",1,"6269","3"
"1869",1,"12021","3"
"1949",1,"3710","3"
"1717",1,"19864","3"
"1507",1,"9077","3"
"1388",1,"8670","3"
"1610",1,"12584","3"
"1967",1,"8959","3"
"1529",1,"2097","3"
"1492",1,"5401","3"
"1450",1,"12484","3"
"1501",1,"2865","3"
"1536",1,"2935","3"
"1802",1,"11187","3"
"1921",1,"6252","3"
"1819",1,"8290","3"
"1556",1,"4655","3"
"1984",1,"3672","3"
"1586",1,"2779","3"
"1975",1,"1754","3"
"1920",1,"4459","3"
"1634",1,"13090","3"
"2010",1,"2756","3"
"1573",1,"6754","3"
"1379",1,"1090","3"
"3974",1,"10833","3"
"1947",1,"5709","3"
"1997",1,"4705","3"
"1826",1,"6012","3"
"1818",1,"978","3"
"1812",1,"2439","3"
"1387",1,"6353","3"
"1462",1,"7511","3"
"1777",1,"12303","3"
"1881",1,"5482","3"
"1418",1,"5164","3"
"1656",1,"11120","3"
"2008",1,"7723","3"
"1868",1,"3460","3"
"1538",1,"6155","3"
"1615",1,"8380","3"
"1901",1,"4125","3"
"1506",1,"5980","3"
"1456",1,"4797","3"
"1933",1,"5045","3"
"2012",1,"6061","3"
"1853",1,"5549","3"
"1905",1,"2858","3"
"1412",1,"4664","3"
"1719",1,"10460","3"
"3967",1,"8352","3"
"1488",1,"6213","3"
"1792",1,"6045","3"
"1865",1,"3624","3"
"2016",1,"8875","3"
"4044",1,"6549","3"
"1658",1,"13269","3"
"1875",1,"7948","3"
"1756",1,"7259","3"
"1475",1,"8641","3"
"1543",1,"8936","3"
"2080",1,"6135","3"
"4037",1,"9350","3"
"4073",1,"5023","3"
"4094",1,"4015","3"
"1804",1,"8841","3"
"1895",1,"15416","3"
"1485",1,"4361","3"
"2085",1,"726","3"
"1497",1,"1922","3"
"1688",1,"2485","3"
"1714",1,"5936","3"
"1545",1,"4675","3"
"2088",1,"1287","3"
"1677",1,"6654","3"
"2098",1,"3896","3"
"1502",1,"2049","3"
"1491",1,"4280","3"
"1580",1,"5104","3"
"2018",1,"8454","3"
"1726",1,"6975","3"
"1808",1,"3432","3"
"2107",1,"3291","3"
"1533",1,"2747","3"
"3975",1,"5307","3"
"4103",1,"19865","3"
"1825",1,"4152","3"
"1805",1,"1848","3"
"2110",1,"2574","3"
"3955",1,"4047","3"
"1521",1,"2983","3"
"1836",1,"3907","3"
"1576",1,"3895","3"
"1835",1,"1495","3"
"1780",1,"4788","3"
"1841",1,"1979","3"
"1882",1,"14214","3"
"1797",1,"6269","3"
"1667",1,"13952","3"
"2130",1,"3576","3"
"1563",1,"5793","3"
"2128",1,"9351","3"
"1858",1,"1661","3"
"1877",1,"3773","3"
"1847",1,"7689","3"
"1912",1,"12964","3"
"1727",1,"14564","3"
"1655",1,"11687","3"
"2048",1,"12823","3"
"2147",1,"11189","3"
"2000",1,"8803","3"
"2175",1,"5373","3"
"4116",1,"7683","3"
"3968",1,"515","3"
"1571",1,"6178","3"
"1944",1,"11198","3"
"1871",1,"17010","3"
"4086",1,"4901","3"
"2189",1,"6502","3"
"1751",1,"23924","3"
"4085",1,"8529","3"
"1564",1,"7585","3"
"1951",1,"16494","3"
"2046",1,"7073","3"
"2216",1,"6793","3"
"2223",1,"13436","3"
"1968",1,"7708","3"
"2032",1,"4150","3"
"2063",1,"5850","3"
"2219",1,"2928","3"
"2042",1,"7293","3"
"4084",1,"11261","3"
"2343",1,"9092","3"
"2381",1,"3189","3"
"2389",1,"1271","3"
"2061",1,"21512","3"
"4142",1,"14410","3"
"2247",1,"2364","3"
"2303",1,"3388","3"
"2238",1,"10655","3"
"2074",1,"9039","3"
"2070",1,"3235","3"
"2039",1,"4435","3"
"986",1,"11716","4"
"870",1,"10450","4"
"932",1,"7905","4"
"1231",1,"530","4"
"1024",1,"5033","4"
"1007",1,"2936","4"
"1074",1,"3321","4"
"918",1,"3825","4"
"938",1,"4444","4"
"808",1,"16123","4"
"1132",1,"2172","4"
"1228",1,"5230","4"
"1076",1,"2328","4"
"1014",1,"557","4"
"1010",1,"1770","4"
"1136",1,"1022","4"
"3858",1,"2377","4"
"1137",1,"2791","4"
"1236",1,"8398","4"
"1083",1,"5672","4"
"1139",1,"2532","4"
"1178",1,"4567","4"
"3834",1,"9797","4"
"1142",1,"3018","4"
"974",1,"6595","4"
"1009",1,"2544","4"
"1212",1,"4562","4"
"1289",1,"7805","4"
"673",1,"12790","4"
"782",1,"12354","4"
"719",1,"7393","4"
"1114",1,"2802","4"
"1149",1,"2369","4"
"683",1,"16239","4"
"979",1,"3754","4"
"1032",1,"5904","4"
"1202",1,"3629","4"
"919",1,"6562","4"
"3831",1,"7894","4"
"1106",1,"6495","4"
"1150",1,"4910","4"
"856",1,"4319","4"
"973",1,"3198","4"
"3849",1,"4823","4"
"3812",1,"4940","4"
"946",1,"2154","4"
"1284",1,"7318","4"
"891",1,"1565","4"
"1004",1,"962","4"
"997",1,"3440","4"
"745",1,"9974","4"
"3842",1,"3304","4"
"3856",1,"1446","4"
"1304",1,"3487","4"
"699",1,"12222","4"
"892",1,"2105","4"
"925",1,"2267","4"
"869",1,"2794","4"
"505",1,"8502","4"
"3864",1,"3392","4"
"1357",1,"1212","4"
"1329",1,"720","4"
"1340",1,"1089","4"
"814",1,"4915","4"
"1361",1,"279","4"
"875",1,"1747","4"
"1313",1,"1098","4"
"513",1,"7869","4"
"1317",1,"1416","4"
"1099",1,"7152","4"
"1151",1,"10618","4"
"1270",1,"1855","4"
"840",1,"6910","4"
"873",1,"1629","4"
"927",1,"4816","4"
"504",1,"5899","4"
"526",1,"1449","4"
"1254",1,"3759","4"
"1264",1,"1993","4"
"1045",1,"2535","4"
"1274",1,"1104","4"
"1023",1,"8739","4"
"772",1,"4360","4"
"796",1,"4526","4"
"1055",1,"4836","4"
"3827",1,"5340","4"
"544",1,"9230","4"
"532",1,"560","4"
"1321",1,"2115","4"
"503",1,"12801","4"
"549",1,"4978","4"
"788",1,"1786","4"
"3807",1,"5884","4"
"755",1,"3610","4"
"951",1,"10525","4"
"3769",1,"16375","4"
"1325",1,"2267","4"
"540",1,"634","4"
"1198",1,"8587","4"
"541",1,"5086","4"
"1320",1,"4660","4"
"1125",1,"7911","4"
"887",1,"8198","4"
"1382",1,"3354","4"
"769",1,"5146","4"
"1238",1,"6943","4"
"1109",1,"5024","4"
"1087",1,"5928","4"
"1059",1,"12719","4"
"3808",1,"5176","4"
"3771",1,"9545","4"
"572",1,"5965","4"
"845",1,"9757","4"
"3776",1,"7017","4"
"578",1,"1531","4"
"781",1,"2745","4"
"1260",1,"4926","4"
"1346",1,"4148","4"
"3719",1,"22597","4"
"943",1,"7962","4"
"3934",1,"776","4"
"3810",1,"1728","4"
"797",1,"3285","4"
"990",1,"10829","4"
"895",1,"9815","4"
"282",1,"18837","4"
"582",1,"2283","4"
"757",1,"6005","4"
"3911",1,"6787","4"
"407",1,"12842","4"
"792",1,"1833","4"
"3811",1,"5994","4"
"592",1,"2032","4"
"960",1,"4401","4"
"3785",1,"9008","4"
"3779",1,"20209","4"
"3917",1,"3741","4"
"1294",1,"1725","4"
"1156",1,"11617","4"
"145",1,"7818","4"
"196",1,"23279","4"
"160",1,"13563","4"
"597",1,"4218","4"
"963",1,"1772","4"
"3809",1,"3741","4"
"121",1,"12958","4"
"838",1,"7987","4"
"1279",1,"1842","4"
"975",1,"3778","4"
"285",1,"9800","4"
"391",1,"14058","4"
"970",1,"4178","4"
"623",1,"1728","4"
"607",1,"4892","4"
"614",1,"4895","4"
"896",1,"15782","4"
"3790",1,"11053","4"
"330",1,"9918","4"
"609",1,"5468","4"
"632",1,"4039","4"
"780",1,"5384","4"
"983",1,"10480","4"
"296",1,"8813","4"
"1129",1,"4606","4"
"297",1,"2058","4"
"3804",1,"12384","4"
"130",1,"13508","4"
"766",1,"6033","4"
"291",1,"4388","4"
"319",1,"2593","4"
"294",1,"1813","4"
"314",1,"1922","4"
"656",1,"3995","4"
"724",1,"2705","4"
"390",1,"24146","4"
"760",1,"2868","4"
"664",1,"1769","4"
"221",1,"14237","4"
"715",1,"1338","4"
"676",1,"2630","4"
"697",1,"1714","4"
"199",1,"11337","4"
"652",1,"9560","4"
"303",1,"6835","4"
"471",1,"10535","4"
"751",1,"2030","4"
"481",1,"6280","4"
"139",1,"18088","4"
"170",1,"9483","4"
"723",1,"5197","4"
"750",1,"1906","4"
"468",1,"9045","4"
"738",1,"3968","4"
"687",1,"5016","4"
"753",1,"1703","4"
"759",1,"726","4"
"756",1,"4140","4"
"762",1,"4461","4"
"775",1,"2640","4"
"299",1,"7896","4"
"486",1,"9373","4"
"3759",1,"20003","4"
"146",1,"12976","4"
"176",1,"9503","4"
"3722",1,"16745","4"
"3784",1,"11783","4"
"642",1,"11676","4"
"290",1,"21246","4"
"635",1,"1120","4"
"122",1,"11586","4"
"163",1,"15227","4"
"392",1,"26688","4"
"786",1,"5504","4"
"3689",1,"3727","4"
"784",1,"13513","4"
"630",1,"11925","4"
"144",1,"5740","4"
"659",1,"28841","4"
"123",1,"6022","4"
"3709",1,"13527","4"
"143",1,"4830","4"
"401",1,"3012","4"
"411",1,"1684","4"
"449",1,"8006","4"
"373",1,"3160","4"
"404",1,"731","4"
"394",1,"1135","4"
"277",1,"11499","4"
"804",1,"9559","4"
"165",1,"10496","4"
"347",1,"6493","4"
"415",1,"2263","4"
"489",1,"9993","4"
"382",1,"6209","4"
"538",1,"15009","4"
"3731",1,"2785","4"
"340",1,"3979","4"
"809",1,"3110","4"
"437",1,"4519","4"
"476",1,"4095","4"
"510",1,"4529","4"
"335",1,"4485","4"
"461",1,"6115","4"
"501",1,"2568","4"
"3676",1,"76405","5"
"3672",1,"5460","5"
"10",1,"4979","5"
"24",1,"11905","5"
"3674",1,"7412","5"
"3",1,"29046","5"
"13",1,"5285","5"
"82",1,"20121","5"
"63",1,"15706","5"
"17",1,"2493","5"
"4",1,"45623","5"
"18",1,"1686","5"
"19",1,"3951","5"
"44",1,"13249","5"
"50",1,"3598","5"
"3681",1,"7567","5"
"15",1,"5167","5"
"3675",1,"5776","5"
"5",1,"42371","5"
"41",1,"6323","5"
"59",1,"8776","5"
"38",1,"4495","5"
"23",1,"3519","5"
"32",1,"3458","5"
"3677",1,"3831","5"
"54",1,"4172","5"
"45",1,"5955","5"
"12",1,"9322","5"
"33",1,"5196","5"
"51",1,"1351","5"
"30",1,"4790","5"
"11",1,"5570","5"
"48",1,"3660","5"
"43",1,"8884","5"
"7",1,"14418","5"
"49",1,"4655","5"
"6",1,"5855","5"
"16",1,"4629","5"
"3671",1,"26499","5"
"1",1,"198884","6"
"149",1,"25065","7"
"3697",1,"2077","7"
"157",1,"9344","7"
"3695",1,"37774","7"
"3693",1,"207725","7"
"3690",1,"193186","8"
"1047",1,"1793","10"
"1442",1,"6926","10"
"3818",1,"4742","10"
"1113",1,"8590","10"
"1036",1,"2356","10"
"1056",1,"3963","10"
"3817",1,"5869","10"
"1029",1,"4422","10"
"982",1,"7172","10"
"1213",1,"7606","10"
"1297",1,"10020","10"
"752",1,"15884","10"
"941",1,"2526","10"
"1164",1,"4963","10"
"1130",1,"2152","10"
"3898",1,"6293","10"
"3853",1,"9347","10"
"1452",1,"8221","10"
"3843",1,"10914","10"
"847",1,"10180","10"
"3874",1,"6787","10"
"1128",1,"4829","10"
"948",1,"7755","10"
"3959",1,"5207","10"
"3883",1,"4230","10"
"1312",1,"9589","10"
"862",1,"6668","10"
"3826",1,"7531","10"
"567",1,"4315","10"
"654",1,"18710","10"
"564",1,"1325","10"
"584",1,"6614","10"
"3943",1,"3315","10"
"1443",1,"7493","10"
"3873",1,"4704","10"
"3923",1,"6584","10"
"3893",1,"4903","10"
"1334",1,"6937","10"
"695",1,"10097","10"
"3805",1,"7768","10"
"3954",1,"8150","10"
"3969",1,"4641","10"
"1071",1,"3632","10"
"1157",1,"5442","10"
"1002",1,"6405","10"
"692",1,"8426","10"
"1035",1,"2563","10"
"3869",1,"1202","10"
"3850",1,"8629","10"
"816",1,"9059","10"
"763",1,"4293","10"
"563",1,"4483","10"
"3870",1,"1840","10"
"1520",1,"1618","10"
"1342",1,"7685","10"
"647",1,"11062","10"
"1012",1,"2345","10"
"3862",1,"1543","10"
"1124",1,"3049","10"
"1108",1,"1107","10"
"1180",1,"3326","10"
"3892",1,"1932","10"
"1069",1,"897","10"
"3891",1,"1870","10"
"976",1,"3204","10"
"898",1,"7969","10"
"1073",1,"3395","10"
"1104",1,"1656","10"
"3896",1,"3179","10"
"767",1,"4458","10"
"3851",1,"3436","10"
"1159",1,"3040","10"
"1177",1,"812","10"
"1028",1,"4095","10"
"1001",1,"1378","10"
"3895",1,"6879","10"
"1348",1,"9422","10"
"776",1,"5625","10"
"806",1,"3882","10"
"3815",1,"10557","10"
"914",1,"4648","10"
"1168",1,"3338","10"
"1199",1,"3445","10"
"681",1,"6174","10"
"573",1,"5095","10"
"998",1,"2989","10"
"1394",1,"2614","10"
"959",1,"4602","10"
"629",1,"10525","10"
"684",1,"6384","10"
"1089",1,"9479","10"
"1037",1,"3917","10"
"714",1,"13056","10"
"799",1,"5051","10"
"3840",1,"7051","10"
"971",1,"3595","10"
"942",1,"1157","10"
"819",1,"9436","10"
"3921",1,"5985","10"
"995",1,"5486","10"
"940",1,"302","10"
"962",1,"2749","10"
"1033",1,"3890","10"
"1183",1,"4923","10"
"599",1,"3568","10"
"937",1,"943","10"
"1193",1,"6117","10"
"3833",1,"4645","10"
"3867",1,"9541","10"
"1167",1,"5363","10"
"915",1,"1819","10"
"3839",1,"3096","10"
"821",1,"3935","10"
"860",1,"7972","10"
"3792",1,"10987","10"
"777",1,"9086","10"
"1034",1,"3725","10"
"661",1,"7734","10"
"1064",1,"3740","10"
"825",1,"2783","10"
"1030",1,"4017","10"
"3909",1,"4200","10"
"1251",1,"1970","10"
"903",1,"7635","10"
"794",1,"1593","10"
"924",1,"8178","10"
"3835",1,"3804","10"
"1061",1,"2743","10"
"936",1,"6044","10"
"807",1,"887","10"
"3908",1,"2951","10"
"1165",1,"7102","10"
"3816",1,"11328","10"
"811",1,"8898","10"
"679",1,"17877","10"
"3855",1,"11012","10"
"3866",1,"16448","10"
"14",1,"36038","11"
"20",1,"20039","11"
"27",1,"99804","11"
"84",1,"12117","12"
"111",1,"4262","12"
"91",1,"7526","12"
"76",1,"7502","12"
"88",1,"4458","12"
"104",1,"9677","12"
"3685",1,"3559","12"
"89",1,"4621","12"
"81",1,"1357","12"
"29",1,"202","12"
"22",1,"2892","12"
"120",1,"9466","12"
"3684",1,"1504","12"
"2",1,"2528","12"
"74",1,"5902","12"
"96",1,"6651","12"
"53",1,"9580","12"
"3678",1,"2132","12"
"21",1,"5830","12"
"35",1,"7445","12"
"3682",1,"3472","12"
"241",1,"8727","13"
"280",1,"1548","13"
"248",1,"4419","13"
"274",1,"2116","13"
"250",1,"885","13"
"136",1,"11051","13"
"173",1,"9595","13"
"3710",1,"7847","13"
"3712",1,"9337","13"
"252",1,"5147","13"
"3715",1,"12830","13"
"258",1,"10563","13"
"86",1,"3821","13"
"124",1,"3230","13"
"92",1,"3100","13"
"119",1,"2259","13"
"114",1,"2429","13"
"129",1,"5838","13"
"101",1,"3561","13"
"113",1,"2580","13"
"3688",1,"8819","13"
"156",1,"11591","13"
"263",1,"6334","13"
"90",1,"5249","13"
"190",1,"4399","13"
"224",1,"6612","13"
"102",1,"8778","13"
"267",1,"10763","13"
"180",1,"3269","13"
"204",1,"6939","13"
"148",1,"5890","13"
"183",1,"2790","13"
"127",1,"6520","13"
"182",1,"6412","13"
"153",1,"5355","13"
"128",1,"4519","13"
"118",1,"8142","13"
"150",1,"2306","13"
"232",1,"8035","13"
"219",1,"12302","13"
"151",1,"11138","13"
"275",1,"9928","13"
"60",1,"1414","14"
"70",1,"1804","14"
"61",1,"2522","14"
"68",1,"1771","14"
"62",1,"5629","14"
"78",1,"3492","14"
"37",1,"10168","14"
"65",1,"6995","14"
"42",1,"15812","14"
"71",1,"5985","14"
"79",1,"4053","14"
"77",1,"1121","14"
"64",1,"11093","14"
"80",1,"3937","14"
"100",1,"3329","14"
"94",1,"3666","14"
"105",1,"1348","14"
"87",1,"3755","14"
"93",1,"1773","14"
"99",1,"2435","14"
"72",1,"11222","14"
"257",1,"2360","15"
"281",1,"3811","15"
"236",1,"3750","15"
"264",1,"1583","15"
"158",1,"5806","15"
"235",1,"5581","15"
"286",1,"2592","15"
"287",1,"3871","15"
"159",1,"2000","15"
"220",1,"10400","15"
"292",1,"966","15"
"284",1,"3746","15"
"293",1,"942","15"
"215",1,"9670","15"
"295",1,"5643","15"
"97",1,"7689","16"
"108",1,"4348","16"
"135",1,"7356","16"
"109",1,"2004","16"
"3691",1,"1747","16"
"69",1,"8805","16"
"133",1,"3641","16"
"112",1,"12400","16"
"138",1,"6695","16"
"164",1,"2929","16"
"67",1,"28884","16"
"3692",1,"14695","16"
"3700",1,"15382","17"
"116",1,"19152","17"
"177",1,"19082","18"
"205",1,"4554","18"
"202",1,"12648","18"
"132",1,"18741","19"
"192",1,"7603","20"
"161",1,"8702","20"
"206",1,"6983","20"
"209",1,"7514","20"
"207",1,"8044","20"
"3698",1,"5774","20"
"167",1,"3828","20"
"154",1,"3069","20"
"166",1,"414","20"
"168",1,"1539","20"
"210",1,"4614","20"
"169",1,"4836","20"
"3708",1,"3425","20"
"212",1,"2124","20"
"362",1,"5151","20"
"216",1,"1472","20"
"3699",1,"8830","20"
"171",1,"4083","20"
"3706",1,"4843","20"
"395",1,"3734","20"
"234",1,"2896","20"
"321",1,"9748","20"
"256",1,"4892","20"
"298",1,"4312","20"
"365",1,"5221","20"
"225",1,"6008","20"
"178",1,"3882","20"
"179",1,"2590","20"
"405",1,"9571","20"
"174",1,"2315","20"
"155",1,"6093","20"
"228",1,"6862","20"
"3714",1,"11498","20"
"195",1,"5205","20"
"181",1,"5255","20"
"140",1,"10944","20"
"185",1,"5443","20"
"200",1,"5754","20"
"327",1,"18468","20"
"247",1,"7315","20"
"3717",1,"6513","20"
"186",1,"4387","20"
"191",1,"2948","20"
"3702",1,"4902","20"
"262",1,"3540","20"
"3744",1,"13451","20"
"175",1,"2660","20"
"137",1,"10312","20"
"447",1,"3856","20"
"172",1,"6501","20"
"428",1,"1685","20"
"3707",1,"2993","20"
"194",1,"2361","20"
"260",1,"7246","20"
"359",1,"9280","20"
"399",1,"4080","20"
"237",1,"2070","20"
"230",1,"3368","20"
"3750",1,"4051","20"
"197",1,"2972","20"
"477",1,"3417","20"
"464",1,"3776","20"
"475",1,"1474","20"
"508",1,"2481","20"
"363",1,"5102","20"
"343",1,"2443","20"
"333",1,"5135","20"
"3758",1,"677","20"
"266",1,"10048","20"
"198",1,"1993","20"
"534",1,"1937","20"
"3762",1,"5631","20"
"354",1,"2258","20"
"387",1,"3757","20"
"318",1,"4651","20"
"331",1,"2879","20"
"384",1,"1612","20"
"400",1,"6828","20"
"356",1,"1576","20"
"351",1,"3292","20"
"3730",1,"14067","20"
"227",1,"44137","20"
"460",1,"10148","20"
"421",1,"18469","20"
"3733",1,"34624","20"
"445",1,"1341","20"
"446",1,"15450","20"
"595",1,"15608","20"
"462",1,"103196","20"
"3778",1,"20256","20"
"316",1,"4382","21"
"243",1,"10341","21"
"288",1,"4947","21"
"3721",1,"7306","21"
"328",1,"7885","21"
"269",1,"5756","21"
"261",1,"6605","21"
"208",1,"5864","21"
"255",1,"6821","21"
"201",1,"2315","21"
"270",1,"2785","21"
"289",1,"5455","21"
"332",1,"4939","21"
"341",1,"1231","21"
"268",1,"5681","21"
"334",1,"2022","21"
"342",1,"4186","21"
"245",1,"6669","21"
"349",1,"5020","21"
"251",1,"3108","21"
"3716",1,"5751","21"
"222",1,"3617","21"
"259",1,"1957","21"
"352",1,"2257","21"
"265",1,"2885","21"
"244",1,"4997","21"
"355",1,"779","21"
"310",1,"5824","21"
"348",1,"2067","21"
"357",1,"1829","21"
"3725",1,"5385","21"
"313",1,"5022","21"
"360",1,"3222","21"
"240",1,"6190","21"
"306",1,"4440","21"
"273",1,"4158","21"
"364",1,"6727","21"
"312",1,"4676","21"
"231",1,"3324","21"
"246",1,"4899","21"
"339",1,"6048","21"
"233",1,"2277","21"
"320",1,"1893","21"
"377",1,"5222","21"
"322",1,"4109","21"
"239",1,"3782","21"
"818",1,"258","22"
"812",1,"554","22"
"823",1,"602","22"
"829",1,"629","22"
"798",1,"1108","22"
"815",1,"213","22"
"822",1,"87","22"
"824",1,"176","22"
"702",1,"2880","22"
"833",1,"921","22"
"803",1,"605","22"
"787",1,"7917","22"
"831",1,"2717","22"
"686",1,"3260","22"
"688",1,"1151","22"
"704",1,"901","22"
"690",1,"11026","22"
"553",1,"1197","22"
"707",1,"6028","22"
"604",1,"19711","22"
"550",1,"860","22"
"557",1,"618","22"
"353",1,"2598","22"
"562",1,"10056","22"
"837",1,"7008","22"
"369",1,"12982","22"
"440",1,"7285","22"
"495",1,"7560","22"
"770",1,"13603","22"
"338",1,"15604","22"
"844",1,"7855","22"
"469",1,"11628","22"
"853",1,"4705","22"
"861",1,"491","22"
"3820",1,"18898","22"
"3823",1,"7842","22"
"859",1,"2228","22"
"867",1,"1726","22"
"480",1,"29511","22"
"730",1,"4871","22"
"771",1,"4433","22"
"778",1,"5808","22"
"864",1,"3757","22"
"638",1,"28588","22"
"727",1,"13333","22"
"554",1,"10540","22"
"479",1,"2515","22"
"516",1,"2923","22"
"474",1,"1549","22"
"3821",1,"9135","22"
"519",1,"1382","22"
"542",1,"9172","22"
"3765",1,"753","22"
"3764",1,"3593","22"
"789",1,"9435","22"
"463",1,"21144","22"
"813",1,"2502","22"
"848",1,"2463","22"
"883",1,"2408","22"
"827",1,"2288","22"
"843",1,"1950","22"
"740",1,"24550","22"
"657",1,"31790","22"
"457",1,"11645","22"
"491",1,"14530","22"
"880",1,"2964","22"
"3819",1,"16669","22"
"455",1,"2658","22"
"323",1,"18761","22"
"454",1,"3145","22"
"897",1,"7304","22"
"453",1,"5066","22"
"452",1,"21391","22"
"857",1,"5297","22"
"884",1,"3811","22"
"904",1,"2638","22"
"665",1,"27505","22"
"624",1,"15017","22"
"3766",1,"11647","22"
"835",1,"21292","22"
"565",1,"7599","22"
"525",1,"1655","22"
"3768",1,"6372","22"
"3741",1,"13607","22"
"450",1,"18589","22"
"570",1,"4495","22"
"836",1,"16624","22"
"3783",1,"9676","22"
"709",1,"22634","22"
"577",1,"6779","22"
"378",1,"14215","22"
"3787",1,"3213","22"
"841",1,"7970","22"
"634",1,"3566","22"
"667",1,"9123","22"
"802",1,"8708","22"
"3777",1,"2987","22"
"603",1,"4413","22"
"711",1,"7581","22"
"3806",1,"5334","22"
"511",1,"7432","22"
"488",1,"14295","22"
"639",1,"6228","22"
"594",1,"5567","22"
"783",1,"6194","22"
"734",1,"1966","22"
"754",1,"1514","22"
"712",1,"7961","22"
"729",1,"947","22"
"737",1,"4425","22"
"545",1,"6087","22"
"765",1,"5238","22"
"1371",1,"225","23"
"1406",1,"1323","23"
"1395",1,"1214","23"
"1376",1,"228","23"
"1350",1,"1786","23"
"1338",1,"2776","23"
"1381",1,"3782","23"
"1220",1,"1698","23"
"1166",1,"6445","23"
"1431",1,"8593","23"
"1226",1,"9746","23"
"1096",1,"4362","23"
"1447",1,"674","23"
"3916",1,"27102","23"
"1424",1,"3674","23"
"996",1,"13077","23"
"1107",1,"29442","23"
"1430",1,"4013","23"
"1445",1,"4051","23"
"1408",1,"12914","23"
"1471",1,"3305","23"
"966",1,"41287","23"
"3935",1,"3977","23"
"1518",1,"5077","23"
"3937",1,"6792","23"
"1417",1,"12869","23"
"1287",1,"29238","23"
"1161",1,"27774","23"
"1092",1,"19493","23"
"1579",1,"5808","23"
"1022",1,"11218","23"
"1478",1,"6285","23"
"1560",1,"3989","23"
"3848",1,"18696","23"
"1561",1,"1016","23"
"1548",1,"2341","23"
"1550",1,"64","23"
"999",1,"14440","23"
"1481",1,"2810","23"
"1415",1,"7634","23"
"1473",1,"5326","23"
"1324",1,"12732","23"
"3861",1,"16716","23"
"954",1,"12636","23"
"3846",1,"19311","23"
"3878",1,"23788","23"
"872",1,"6492","23"
"1439",1,"2203","23"
"3825",1,"1459","23"
"961",1,"5592","23"
"1405",1,"7260","23"
"1458",1,"6715","23"
"950",1,"14981","23"
"855",1,"7416","23"
"1352",1,"4716","23"
"1640",1,"1070","23"
"1517",1,"3674","23"
"1437",1,"6448","23"
"1494",1,"6971","23"
"1339",1,"5380","23"
"1515",1,"211","23"
"1508",1,"119","23"
"1505",1,"1143","23"
"1513",1,"2433","23"
"1377",1,"6314","23"
"1696",1,"4539","23"
"1660",1,"1736","23"
"3988",1,"1112","23"
"1611",1,"3562","23"
"1250",1,"13895","23"
"1434",1,"8357","23"
"1080",1,"13820","23"
"1153",1,"18534","23"
"1801",1,"11803","23"
"1003",1,"7621","23"
"3981",1,"2113","23"
"1682",1,"2061","23"
"1290",1,"5463","23"
"3844",1,"14975","23"
"1595",1,"5220","23"
"992",1,"1542","23"
"1664",1,"1950","23"
"3863",1,"3313","23"
"1527",1,"10862","23"
"972",1,"2454","23"
"994",1,"2606","23"
"3994",1,"3901","23"
"3872",1,"3423","23"
"1095",1,"5369","23"
"1271",1,"4905","23"
"1354",1,"8796","23"
"899",1,"9628","23"
"949",1,"6521","23"
"1272",1,"1068","23"
"1671",1,"2046","23"
"1438",1,"9774","23"
"1195",1,"7943","23"
"1070",1,"1722","23"
"4002",1,"12161","23"
"1275",1,"4170","23"
"1683",1,"1670","23"
"1740",1,"4850","23"
"1935",1,"15240","23"
"1613",1,"8528","23"
"3871",1,"2947","23"
"3879",1,"7175","23"
"1326",1,"3588","23"
"1373",1,"5000","23"
"1006",1,"6056","23"
"1752",1,"1759","23"
"1807",1,"7569","23"
"1459",1,"4313","23"
"1453",1,"1389","23"
"3944",1,"2936","23"
"1305",1,"1390","23"
"1691",1,"2554","23"
"1221",1,"4550","23"
"1298",1,"2625","23"
"4015",1,"6389","23"
"1749",1,"2020","23"
"1499",1,"9034","23"
"1041",1,"4355","23"
"1086",1,"4014","23"
"1184",1,"6379","23"
"3838",1,"7244","23"
"977",1,"5061","23"
"1396",1,"4836","23"
"1349",1,"4310","23"
"1300",1,"4910","23"
"1441",1,"9898","23"
"1103",1,"5307","23"
"1516",1,"4452","23"
"1625",1,"7703","23"
"952",1,"1763","23"
"987",1,"2233","23"
"1783",1,"4524","23"
"933",1,"2072","23"
"1206",1,"3735","23"
"1862",1,"9454","23"
"955",1,"1210","23"
"3877",1,"8047","23"
"3854",1,"5057","23"
"1988",1,"3124","23"
"1813",1,"2090","23"
"1196",1,"3556","23"
"909",1,"5461","23"
"1224",1,"6046","23"
"1133",1,"6418","23"
"1977",1,"6368","23"
"1665",1,"8107","23"
"1732",1,"3938","23"
"3847",1,"3791","23"
"4013",1,"1466","23"
"1519",1,"4701","23"
"1771",1,"2411","23"
"1850",1,"3832","23"
"1345",1,"15551","23"
"1551",1,"5384","23"
"1824",1,"1335","23"
"1144",1,"5334","23"
"1200",1,"9335","23"
"1480",1,"11975","23"
"1707",1,"4000","23"
"957",1,"4260","23"
"1040",1,"9035","23"
"964",1,"3147","23"
"1848",1,"1801","23"
"1569",1,"9881","23"
"1162",1,"5257","23"
"969",1,"7661","23"
"1025",1,"8031","23"
"922",1,"5552","23"
"3928",1,"10851","23"
"1050",1,"16077","23"
"1172",1,"10107","23"
"1374",1,"15594","23"
"1203",1,"11354","23"
"926",1,"9409","23"
"4028",1,"15129","24"
"1692",1,"9440","24"
"2014",1,"9284","24"
"1500",1,"13586","24"
"4027",1,"9338","24"
"1757",1,"6106","24"
"2043",1,"18472","24"
"1675",1,"7428","24"
"1642",1,"5949","24"
"1276",1,"5554","24"
"1399",1,"5181","24"
"1407",1,"19312","24"
"1689",1,"2557","24"
"1663",1,"1739","24"
"1789",1,"1797","24"
"1846",1,"4289","24"
"4039",1,"14814","24"
"1068",1,"1635","24"
"1094",1,"4450","24"
"1174",1,"3276","24"
"1243",1,"2658","24"
"1057",1,"2114","24"
"1747",1,"2111","24"
"3982",1,"10829","24"
"1638",1,"2267","24"
"1019",1,"8000","24"
"1794",1,"1294","24"
"4001",1,"4277","24"
"3890",1,"4189","24"
"1171",1,"581","24"
"1834",1,"2299","24"
"1883",1,"1853","24"
"3894",1,"4442","24"
"1179",1,"1155","24"
"1182",1,"790","24"
"1402",1,"2954","24"
"3889",1,"2009","24"
"4017",1,"3888","24"
"1596",1,"1974","24"
"1306",1,"14912","24"
"1809",1,"1550","24"
"3983",1,"3977","24"
"1186",1,"2468","24"
"1585",1,"17129","24"
"3868",1,"5965","24"
"1800",1,"5145","24"
"1592",1,"2106","24"
"1880",1,"19342","24"
"3860",1,"10262","24"
"1117",1,"8973","24"
"1194",1,"5462","24"
"3837",1,"12467","24"
"1648",1,"7317","24"
"1248",1,"4884","24"
"1205",1,"2305","24"
"1778",1,"6332","24"
"3836",1,"1140","24"
"1208",1,"690","24"
"1214",1,"614","24"
"1705",1,"7273","24"
"3899",1,"1354","24"
"1261",1,"5314","24"
"3897",1,"5021","24"
"1215",1,"736","24"
"3931",1,"16253","24"
"1383",1,"5415","24"
"3880",1,"8930","24"
"1219",1,"2197","24"
"1646",1,"12526","24"
"3881",1,"3826","24"
"4087",1,"9116","24"
"2051",1,"13607","24"
"3900",1,"2904","24"
"1966",1,"11282","24"
"1280",1,"6089","24"
"1378",1,"304","24"
"1774",1,"6738","24"
"1386",1,"1071","24"
"1420",1,"13527","24"
"1365",1,"2672","24"
"3926",1,"2052","24"
"3930",1,"637","24"
"1767",1,"4540","24"
"1832",1,"13871","24"
"1934",1,"11247","24"
"1230",1,"1754","24"
"1733",1,"2487","24"
"1105",1,"1193","24"
"1698",1,"4160","24"
"1234",1,"1138","24"
"3905",1,"4745","24"
"1404",1,"4890","24"
"1633",1,"1639","24"
"1637",1,"4512","24"
"3906",1,"5206","24"
"1244",1,"907","24"
"1622",1,"2839","24"
"1246",1,"1882","24"
"1584",1,"8474","24"
"1512",1,"10953","24"
"1710",1,"2010","24"
"1760",1,"13030","24"
"4061",1,"13721","24"
"1457",1,"3061","24"
"1477",1,"6369","24"
"1255",1,"7191","24"
"1369",1,"5286","24"
"1715",1,"5150","24"
"1375",1,"10150","24"
"1448",1,"5390","24"
"2064",1,"6258","24"
"1614",1,"7472","24"
"1983",1,"11099","24"
"1534",1,"7435","24"
"2022",1,"4219","24"
"3948",1,"9067","24"
"2101",1,"1733","24"
"2111",1,"831","24"
"2092",1,"2594","24"
"2052",1,"3139","24"
"3993",1,"6114","24"
"1738",1,"17351","24"
"1572",1,"9627","24"
"3929",1,"10258","24"
"1969",1,"7643","24"
"1493",1,"4589","24"
"1662",1,"8297","24"
"4058",1,"16931","24"
"1465",1,"4804","24"
"2073",1,"7304","24"
"1980",1,"10769","24"
"3952",1,"4007","24"
"3956",1,"6571","24"
"2120",1,"3034","24"
"1419",1,"5755","24"
"3938",1,"5438","24"
"1341",1,"5226","24"
"1414",1,"5332","24"
"1709",1,"2036","25"
"1737",1,"5549","25"
"1855",1,"2950","25"
"1731",1,"1297","25"
"1635",1,"547","25"
"1604",1,"698","25"
"4006",1,"1819","25"
"3990",1,"2227","25"
"1768",1,"2362","25"
"1644",1,"672","25"
"1618",1,"1325","25"
"1643",1,"322","25"
"1712",1,"1758","25"
"3989",1,"590","25"
"4089",1,"737","25"
"1899",1,"1779","25"
"2062",1,"3553","25"
"2094",1,"1550","25"
"1728",1,"927","25"
"1784",1,"1741","25"
"1736",1,"622","25"
"1745",1,"816","25"
"1632",1,"1131","25"
"1651",1,"2743","25"
"1759",1,"549","25"
"1766",1,"593","25"
"1796",1,"1790","25"
"2068",1,"5249","25"
"4022",1,"2271","25"
"1891",1,"3386","25"
"1535",1,"2353","25"
"1781",1,"468","25"
"1787",1,"577","25"
"1795",1,"800","25"
"1605",1,"2796","25"
"1697",1,"2091","25"
"1817",1,"575","25"
"1870",1,"2456","25"
"1994",1,"9081","25"
"1822",1,"882","25"
"1852",1,"1062","25"
"3957",1,"2159","25"
"1708",1,"1027","25"
"4023",1,"1526","25"
"1729",1,"1365","25"
"1924",1,"4510","25"
"1694",1,"1558","25"
"1849",1,"527","25"
"1900",1,"1518","25"
"3984",1,"3225","25"
"1840",1,"634","25"
"1582",1,"2275","25"
"1746",1,"777","25"
"1874",1,"1223","25"
"1690",1,"2732","25"
"1830",1,"902","25"
"1923",1,"1772","25"
"1864",1,"2428","25"
"1762",1,"2785","25"
"1821",1,"1613","25"
"1987",1,"4599","25"
"1907",1,"2092","25"
"1679",1,"2193","25"
"2058",1,"8664","25"
"3985",1,"791","25"
"1957",1,"2422","25"
"1946",1,"1805","25"
"2123",1,"6750","25"
"1798",1,"1604","25"
"1786",1,"2244","25"
"1811",1,"781","25"
"1823",1,"1353","25"
"1699",1,"2710","25"
"1885",1,"1970","25"
"1925",1,"2633","25"
"4024",1,"728","25"
"1878",1,"1491","25"
"4025",1,"1225","25"
"2037",1,"3952","25"
"1744",1,"2517","25"
"2206",1,"2891","25"
"1976",1,"3471","25"
"2013",1,"1439","25"
"1791",1,"2034","25"
"4099",1,"3354","25"
"2102",1,"4803","25"
"1856",1,"1272","25"
"2243",1,"1818","25"
"2027",1,"718","25"
"2050",1,"1673","25"
"4030",1,"1054","25"
"1911",1,"2570","25"
"2005",1,"711","25"
"4079",1,"557","25"
"2491",1,"6652","25"
"1842",1,"900","25"
"2279",1,"504","25"
"2153",1,"2052","25"
"1838",1,"1649","25"
"1860",1,"3993","25"
"4018",1,"3315","25"
"2030",1,"808","25"
"4064",1,"1100","25"
"1998",1,"757","25"
"2167",1,"2745","25"
"1890",1,"1522","25"
"1939",1,"1341","25"
"1943",1,"315","25"
"4050",1,"984","25"
"4133",1,"1016","25"
"4067",1,"2466","25"
"1932",1,"1055","25"
"2002",1,"859","25"
"2129",1,"2212","25"
"2583",1,"8438","25"
"2263",1,"1151","25"
"1942",1,"1178","25"
"2315",1,"2540","25"
"2106",1,"3818","25"
"1906",1,"2957","25"
"2281",1,"1713","25"
"1986",1,"887","25"
"2254",1,"3124","25"
"2161",1,"1915","25"
"1963",1,"861","25"
"2006",1,"1234","25"
"2342",1,"3059","25"
"2047",1,"2520","25"
"2133",1,"1287","25"
"1990",1,"776","25"
"1962",1,"2973","25"
"2361",1,"4532","25"
"1799",1,"3200","25"
"2296",1,"2836","25"
"2324",1,"969","25"
"2497",1,"7263","25"
"4204",1,"3685","25"
"2184",1,"3275","25"
"4042",1,"2726","25"
"2536",1,"1072","25"
"2336",1,"543","25"
"2057",1,"2023","25"
"1995",1,"898","25"
"4088",1,"2716","25"
"4104",1,"1507","25"
"2150",1,"1664","25"
"2499",1,"1032","25"
"2500",1,"549","25"
"2533",1,"1652","25"
"1893",1,"2375","25"
"2465",1,"2421","25"
"2487",1,"922","25"
"4063",1,"1807","25"
"1827",1,"1316","25"
"2409",1,"2436","25"
"2341",1,"731","25"
"2121",1,"1481","25"
"2322",1,"767","25"
"2335",1,"1080","25"
"2357",1,"1793","25"
"2393",1,"790","25"
"2421",1,"974","25"
"2077",1,"2965","25"
"4187",1,"1356","25"
"4031",1,"1102","25"
"1861",1,"508","25"
"1889",1,"1725","25"
"2288",1,"1682","25"
"2648",1,"5791","25"
"4141",1,"483","25"
"4182",1,"1357","25"
"4132",1,"3609","25"
"2148",1,"2064","25"
"4166",1,"1382","25"
"1839",1,"796","25"
"1857",1,"379","25"
"2428",1,"1476","25"
"2292",1,"197","25"
"2289",1,"309","25"
"2283",1,"1053","25"
"1886",1,"966","25"
"4033",1,"1544","25"
"2245",1,"1107","25"
"2319",1,"1217","25"
"4070",1,"2294","25"
"1958",1,"1125","25"
"4091",1,"4668","25"
"2132",1,"3210","25"
"2565",1,"3042","25"
"1950",1,"431","25"
"4195",1,"1296","25"
"2552",1,"1972","25"
"4054",1,"819","25"
"2505",1,"698","25"
"4051",1,"1655","25"
"2614",1,"2345","25"
"2004",1,"1006","25"
"2451",1,"840","25"
"2477",1,"990","25"
"2360",1,"3119","25"
"1954",1,"683","25"
"2203",1,"2493","25"
"4146",1,"3616","25"
"1985",1,"438","25"
"1904",1,"1916","25"
"4069",1,"1983","25"
"2516",1,"877","25"
"2628",1,"5818","25"
"2422",1,"1852","25"
"2228",1,"4716","25"
"2255",1,"2176","25"
"1972",1,"1734","25"
"1989",1,"610","25"
"4177",1,"1185","25"
"2613",1,"3231","25"
"2486",1,"1152","25"
"2510",1,"566","25"
"2038",1,"2039","25"
"4216",1,"1113","25"
"2572",1,"1351","25"
"2017",1,"949","25"
"2379",1,"1563","25"
"4193",1,"1185","25"
"4186",1,"722","25"
"1999",1,"1253","25"
"2155",1,"5126","25"
"4208",1,"1163","25"
"2549",1,"1140","25"
"2573",1,"929","25"
"2348",1,"6145","25"
"1940",1,"1358","25"
"2394",1,"1533","25"
"2029",1,"1457","25"
"2056",1,"3452","25"
"2426",1,"1426","25"
"4053",1,"1696","25"
"4179",1,"1131","25"
"2490",1,"1165","25"
"2437",1,"715","25"
"4168",1,"3963","25"
"2416",1,"833","25"
"1956",1,"1495","25"
"2576",1,"1935","25"
"2457",1,"886","25"
"4185",1,"1302","25"
"4190",1,"3100","25"
"2023",1,"2064","25"
"4181",1,"1974","25"
"2470",1,"682","25"
"4076",1,"1370","25"
"2055",1,"4916","25"
"2601",1,"5816","25"
"2163",1,"5572","25"
"2481",1,"796","25"
"2502",1,"2864","25"
"4065",1,"506","25"
"2461",1,"2619","25"
"4066",1,"1322","25"
"2001",1,"820","25"
"2301",1,"8214","25"
"2701",1,"6521","25"
"2730",1,"456","25"
"2162",1,"6422","25"
"2588",1,"3736","25"
"2011",1,"1527","25"
"4075",1,"3664","25"
"2546",1,"4244","25"
"2715",1,"548","25"
"2718",1,"1772","25"
"2731",1,"321","25"
"4072",1,"1588","25"
"2193",1,"3847","25"
"4145",1,"2591","25"
"2650",1,"3051","25"
"4113",1,"7066","25"
"2312",1,"4823","25"
"2636",1,"2158","25"
"2638",1,"2496","25"
"2207",1,"1715","25"
"2248",1,"1576","25"
"2736",1,"5377","25"
"2172",1,"2945","25"
"2651",1,"605","25"
"2402",1,"5337","25"
"2676",1,"7472","25"
"2594",1,"2065","25"
"2455",1,"3509","25"
"2024",1,"2286","25"
"2518",1,"2514","25"
"2605",1,"5278","25"
"2563",1,"4121","25"
"2282",1,"2614","25"
"2330",1,"4832","25"
"2009",1,"820","25"
"2249",1,"1920","25"
"2026",1,"579","25"
"4100",1,"3859","25"
"1981",1,"223","25"
"2492",1,"4226","25"
"2183",1,"2431","25"
"4124",1,"2142","25"
"2519",1,"3855","25"
"4078",1,"991","25"
"2441",1,"1476","25"
"1982",1,"461","25"
"4118",1,"4299","25"
"4071",1,"1096","25"
"2788",1,"8344","25"
"2397",1,"4835","25"
"2444",1,"3065","25"
"4081",1,"3025","25"
"4107",1,"2630","25"
"2262",1,"3214","25"
"2299",1,"1625","25"
"2200",1,"1317","25"
"2212",1,"1357","25"
"2302",1,"2473","25"
"2054",1,"3381","25"
"2845",1,"2935","25"
"2819",1,"9448","25"
"2103",1,"3730","25"
"2144",1,"4267","25"
"2668",1,"11399","25"
"2211",1,"3998","25"
"2761",1,"11209","25"
"4093",1,"1680","25"
"2033",1,"4591","25"
"2060",1,"1943","25"
"2400",1,"8747","25"
"2308",1,"3691","25"
"2555",1,"10763","25"
"2454",1,"14094","25"
"2621",1,"6813","25"
"3026",1,"1432","25"
"3002",1,"1830","25"
"2918",1,"5979","25"
"2999",1,"4586","25"
"2084",1,"4497","25"
"2697",1,"4570","25"
"2320",1,"10201","25"
"2710",1,"4164","25"
"2898",1,"9840","25"
"2923",1,"6352","25"
"2652",1,"6689","25"
"2759",1,"5961","25"
"2773",1,"4364","25"
"2176",1,"8474","25"
"2232",1,"9985","25"
"3031",1,"5650","25"
"2577",1,"5638","25"
"2091",1,"2970","25"
"2036",1,"7473","25"
"2693",1,"4899","25"
"2793",1,"10450","25"
"2685",1,"1454","25"
"2096",1,"6585","25"
"2992",1,"12714","25"
"2579",1,"10541","25"
"4143",1,"6249","25"
"2909",1,"9202","25"
"2340",1,"8235","25"
"2399",1,"13293","25"
"2625",1,"5737","25"
"4241",1,"5288","25"
"2504",1,"8715","25"
"2208",1,"4893","25"
"2258",1,"4483","25"
"2304",1,"3371","25"
"2725",1,"6555","25"
"2151",1,"9646","25"
"2803",1,"11536","25"
"2564",1,"6412","25"
"2053",1,"6329","25"
"2466",1,"4650","25"
"2508",1,"4878","25"
"2893",1,"7679","25"
"2618",1,"2944","25"
"2782",1,"8059","25"
"2806",1,"2380","25"
"2641",1,"6143","25"
"2724",1,"6410","25"
"2083",1,"5220","25"
"2808",1,"4364","25"
"4267",1,"5348","25"
"2244",1,"6140","25"
"2059",1,"2788","25"
"2607",1,"3367","25"
"2581",1,"3785","25"
"2430",1,"5458","25"
"4237",1,"6137","25"
"2385",1,"4323","25"
"2327",1,"7318","25"
"3017",1,"9257","25"
"2885",1,"4776","25"
"2883",1,"5736","25"
"2139",1,"6975","25"
"2261",1,"4811","25"
"2534",1,"5174","25"
"2503",1,"6235","25"
"4225",1,"3399","25"
"2617",1,"2329","25"
"2100",1,"2493","25"
"2677",1,"3526","25"
"2365",1,"4128","25"
"2414",1,"3866","25"
"4098",1,"5713","25"
"2807",1,"7641","25"
"2856",1,"10240","25"
"2982",1,"9499","25"
"2764",1,"5907","25"
"3012",1,"5359","25"
"3051",1,"8691","25"
"3168",1,"4144","25"
"2622",1,"1758","25"
"2692",1,"6289","25"
"2269",1,"7116","25"
"4109",1,"7342","25"
"2626",1,"6905","25"
"2157",1,"5135","25"
"3180",1,"2011","25"
"3149",1,"6548","25"
"4202",1,"7394","25"
"2717",1,"3485","25"
"2405",1,"6567","25"
"2728",1,"8072","25"
"2770",1,"4873","25"
"4159",1,"7527","25"
"3195",1,"3816","25"
"3229",1,"5463","25"
"2515",1,"4928","25"
"2926",1,"10537","25"
"3153",1,"3883","25"
"4127",1,"5823","25"
"2202",1,"3034","25"
"3115",1,"7432","25"
"3023",1,"6446","25"
"2156",1,"7166","25"
"3212",1,"1645","25"
"2809",1,"19949","25"
"2674",1,"8137","25"
"2467",1,"4231","25"
"2520",1,"4348","25"
"3132",1,"2551","25"
"2432",1,"2299","25"
"2418",1,"3218","25"
"3053",1,"4710","25"
"2227",1,"2917","25"
"2280",1,"4619","25"
"2363",1,"3583","25"
"2934",1,"6493","25"
"3014",1,"3214","25"
"2338",1,"3786","25"
"3144",1,"1591","25"
"2640",1,"2368","25"
"3210",1,"5369","25"
"4231",1,"6709","25"
"3159",1,"5664","25"
"3032",1,"1768","25"
"3140",1,"2441","25"
"2960",1,"7318","25"
"2984",1,"1344","25"
"2997",1,"839","25"
"3121",1,"4572","25"
"3062",1,"2728","25"
"2639",1,"3887","25"
"2657",1,"4801","25"
"2525",1,"5549","25"
"2737",1,"15996","25"
"2983",1,"927","25"
"3015",1,"2357","25"
"3065",1,"4527","25"
"2456",1,"7993","25"
"2980",1,"1531","25"
"4135",1,"3804","25"
"3217",1,"11801","25"
"2138",1,"6826","25"
"2259",1,"9706","25"
"4157",1,"6790","25"
"2530",1,"5235","25"
"3128",1,"4717","25"
"3151",1,"5323","25"
"3028",1,"6179","25"
"2974",1,"5336","25"
"4248",1,"11806","25"
"4233",1,"5354","25"
"4232",1,"4814","25"
"2832",1,"12197","25"
"2171",1,"4171","25"
"4200",1,"6335","25"
"3074",1,"8904","25"
"3158",1,"6652","25"
"2353",1,"8347","25"
"2962",1,"5749","25"
"3131",1,"4072","25"
"2431",1,"4217","25"
"4194",1,"4067","25"
"3225",1,"5277","25"
"2645",1,"1622","25"
"4112",1,"4364","25"
"2957",1,"2110","25"
"2627",1,"7653","25"
"2688",1,"10001","25"
"2746",1,"8273","25"
"4205",1,"6576","25"
"2842",1,"7404","25"
"2440",1,"1106","25"
"2514",1,"3197","25"
"2889",1,"4878","25"
"2943",1,"4295","25"
"3222",1,"2243","25"
"2445",1,"2186","25"
"4270",1,"8203","25"
"4106",1,"9328","25"
"3118",1,"4789","25"
"2350",1,"11883","25"
"2848",1,"4929","25"
"2911",1,"4859","25"
"2463",1,"4272","25"
"2818",1,"8632","25"
"4223",1,"4313","25"
"2558",1,"4476","25"
"2745",1,"2798","25"
"2483",1,"3431","25"
"2542",1,"3947","25"
"4155",1,"5414","25"
"2744",1,"14896","25"
"2403",1,"3615","25"
"2970",1,"3719","25"
"2612",1,"7217","25"
"2987",1,"2287","25"
"2908",1,"13831","25"
"2968",1,"4750","25"
"2990",1,"1154","25"
"2309",1,"7355","25"
"2493",1,"4351","25"
"2267",1,"8812","25"
"2815",1,"22147","25"
"2390",1,"1902","25"
"4171",1,"4422","25"
"2380",1,"3162","25"
"2531",1,"6806","25"
"4210",1,"13872","25"
"4134",1,"2437","25"
"2332",1,"4558","25"
"4201",1,"5866","25"
"2711",1,"14882","25"
"2375",1,"6435","25"
"2423",1,"8640","25"
"2538",1,"3682","25"
"4150",1,"7720","25"
"4245",1,"5787","25"
"4236",1,"2610","25"
"2709",1,"6297","25"
"2644",1,"1033","25"
"2673",1,"1646","25"
"2635",1,"3345","25"
"2537",1,"4173","25"
"4219",1,"4372","25"
"4244",1,"2960","25"
"2708",1,"8913","25"
"2540",1,"6344","25"
"2595",1,"2927","25"
"2814",1,"18152","25"
"2649",1,"3775","25"
"2630",1,"6111","25"
"2358",1,"15814","25"
"2877",1,"3504","25"
"2869",1,"1165","25"
"2855",1,"2029","25"
"2830",1,"1687","25"
"4198",1,"10967","25"
"4255",1,"5833","25"
"2804",1,"2232","25"
"2816",1,"1542","25"
"4228",1,"5354","25"
"2880",1,"892","25"
"2526",1,"4712","25"
"2772",1,"5688","25"
"2662",1,"9850","25"
"2734",1,"4911","25"
"2527",1,"7264","25"
"4161",1,"8391","25"
"2729",1,"3196","25"
"2669",1,"6028","25"
"4158",1,"7008","25"
"2532",1,"10337","25"
"2376",1,"5394","25"
"2547",1,"8429","25"
"3333",1,"4072","26"
"4211",1,"1070","26"
"2566",1,"303","26"
"4212",1,"1116","26"
"2539",1,"1498","26"
"2550",1,"2094","26"
"4298",1,"9477","26"
"3206",1,"3499","26"
"2575",1,"703","26"
"3201",1,"7649","26"
"4306",1,"9913","26"
"3242",1,"2292","26"
"3267",1,"14513","26"
"3247",1,"2886","26"
"4230",1,"1520","26"
"2608",1,"1252","26"
"2619",1,"11015","26"
"3270",1,"9959","26"
"2633",1,"6769","26"
"2562",1,"2831","26"
"3091",1,"14811","26"
"3130",1,"2948","26"
"3133",1,"11633","26"
"3145",1,"10266","26"
"2611",1,"1023","26"
"3196",1,"3148","26"
"4275",1,"23676","26"
"3102",1,"8380","26"
"2606",1,"4735","26"
"3036",1,"7084","26"
"3357",1,"811","26"
"3344",1,"3355","26"
"2637",1,"6571","26"
"2475",1,"2684","26"
"3249",1,"5311","26"
"4297",1,"6197","26"
"3353",1,"560","26"
"3328",1,"12354","26"
"3324",1,"7328","26"
"2489",1,"2204","26"
"2511",1,"3546","26"
"4229",1,"35458","26"
"2876",1,"19217","26"
"3345",1,"769","26"
"3351",1,"1072","26"
"2900",1,"11539","26"
"3275",1,"6662","26"
"3288",1,"10057","26"
"2892",1,"20681","26"
"2442",1,"1785","26"
"3347",1,"548","26"
"3043",1,"11307","26"
"3257",1,"2871","26"
"2391",1,"1249","26"
"3220",1,"4788","26"
"3323",1,"1498","26"
"2411",1,"1216","26"
"3240",1,"5834","26"
"3258",1,"613","26"
"2560",1,"4887","26"
"2654",1,"6452","26"
"2721",1,"9471","26"
"4266",1,"16519","26"
"2446",1,"1691","26"
"3260",1,"416","26"
"2672",1,"2511","26"
"3179",1,"7218","26"
"3209",1,"4642","26"
"3322",1,"4945","26"
"3348",1,"5212","26"
"3259",1,"495","26"
"3186",1,"811","26"
"2529",1,"2635","26"
"2702",1,"2196","26"
"3256",1,"748","26"
"2424",1,"995","26"
"2459",1,"2599","26"
"2333",1,"4502","26"
"4323",1,"32532","26"
"2754",1,"12350","26"
"2368",1,"4001","26"
"4199",1,"2250","26"
"3255",1,"4391","26"
"2568",1,"3837","26"
"4269",1,"20847","26"
"2686",1,"1909","26"
"2443",1,"2144","26"
"3306",1,"14696","26"
"2666",1,"4819","26"
"3281",1,"14455","26"
"3181",1,"2903","26"
"3193",1,"16092","26"
"2691",1,"3803","26"
"3114",1,"15500","26"
"2472",1,"2692","26"
"2482",1,"2474","26"
"4213",1,"3020","26"
"2775",1,"7904","26"
"3263",1,"6010","26"
"2578",1,"2849","26"
"2615",1,"2340","26"
"2757",1,"5048","26"
"2377",1,"6441","26"
"3261",1,"31091","26"
"4243",1,"3146","26"
"2478",1,"1119","26"
"2706",1,"2855","26"
"2494",1,"1529","26"
"4209",1,"3780","26"
"2794",1,"5448","26"
"2797",1,"3257","26"
"2836",1,"18606","26"
"4224",1,"2161","26"
"2586",1,"1925","26"
"2251",1,"7813","26"
"2593",1,"1464","26"
"4218",1,"1415","26"
"2395",1,"3807","26"
"4183",1,"2259","26"
"4227",1,"4527","26"
"2813",1,"5348","26"
"2154",1,"4345","26"
"2597",1,"804","26"
"4226",1,"919","26"
"2707",1,"3043","26"
"2554",1,"2170","26"
"2104",1,"2236","26"
"2383",1,"995","26"
"2415",1,"1791","26"
"2620",1,"2152","26"
"2495",1,"1433","26"
"2506",1,"1791","26"
"4108",1,"1235","26"
"2462",1,"2345","26"
"4165",1,"1814","26"
"2559",1,"3334","26"
"2604",1,"1897","26"
"3116",1,"20818","26"
"3037",1,"15750","26"
"2272",1,"3574","26"
"4138",1,"2970","26"
"2041",1,"1935","26"
"2079",1,"1559","26"
"2131",1,"1991","26"
"2160",1,"1718","26"
"2713",1,"6732","26"
"4164",1,"1527","26"
"2277",1,"1943","26"
"2090",1,"1439","26"
"2425",1,"4203","26"
"2950",1,"15868","26"
"2991",1,"7187","26"
"2181",1,"1679","26"
"2513",1,"5415","26"
"2072",1,"1554","26"
"2287",1,"2270","26"
"2300",1,"2483","26"
"2349",1,"1736","26"
"2196",1,"1906","26"
"2044",1,"2941","26"
"4154",1,"2200","26"
"4262",1,"11326","26"
"2168",1,"1351","26"
"1953",1,"1903","26"
"2065",1,"1061","26"
"2086",1,"1584","26"
"3302",1,"49753","26"
"2616",1,"5478","26"
"2182",1,"611","26"
"2224",1,"2249","26"
"4095",1,"1038","26"
"2166",1,"787","26"
"2135",1,"2145","26"
"3101",1,"21461","26"
"2860",1,"4839","26"
"3021",1,"6613","26"
"3066",1,"2681","26"
"2305",1,"2909","26"
"4096",1,"371","26"
"4160",1,"2109","26"
"2705",1,"8029","26"
"2246",1,"1382","26"
"2256",1,"1668","26"
"2190",1,"3375","26"
"4152",1,"995","26"
"2015",1,"5423","26"
"2587",1,"5047","26"
"2087",1,"1385","26"
"2118",1,"3320","26"
"4090",1,"809","26"
"2359",1,"806","26"
"2345",1,"935","26"
"2623",1,"2716","26"
"2671",1,"6452","26"
"1945",1,"887","26"
"2434",1,"5633","26"
"2235",1,"2941","26"
"2512",1,"7260","26"
"2372",1,"1425","26"
"2896",1,"3621","26"
"2781",1,"14113","26"
"2066",1,"1923","26"
"1941",1,"3788","26"
"2928",1,"5004","26"
"2849",1,"4928","26"
"2733",1,"5733","26"
"2337",1,"2688","26"
"3054",1,"2032","26"
"2290",1,"2590","26"
"2659",1,"2763","26"
"2920",1,"1255","26"
"3056",1,"11645","26"
"3107",1,"35202","26"
"2679",1,"3261","26"
"2719",1,"4225","26"
"4139",1,"4455","26"
"2624",1,"3876","26"
"2862",1,"2551","26"
"2551",1,"3721","26"
"2585",1,"3257","26"
"4170",1,"3058","26"
"2069",1,"1678","26"
"2891",1,"6603","26"
"2028",1,"3198","26"
"2937",1,"10434","26"
"2853",1,"4747","26"
"2071",1,"2613","26"
"1938",1,"6547","26"
"2021",1,"3117","26"
"2408",1,"523","26"
"2433",1,"2512","26"
"2404",1,"353","26"
"4173",1,"3527","26"
"2528",1,"3362","26"
"2314",1,"2886","26"
"2347",1,"2063","26"
"2366",1,"1183","26"
"2386",1,"783","26"
"2748",1,"11234","26"
"1918",1,"4163","26"
"2093",1,"4370","26"
"4115",1,"3340","26"
"4117",1,"4708","26"
"1915",1,"1532","26"
"2407",1,"1226","26"
"2374",1,"1709","26"
"2664",1,"7014","26"
"1910",1,"821","26"
"2590",1,"3081","26"
"2260",1,"5290","26"
"4206",1,"3678","26"
"2323",1,"2622","26"
"2387",1,"1939","26"
"2543",1,"3889","26"
"2827",1,"5898","26"
"2567",1,"1847","26"
"2413",1,"1470","26"
"2599",1,"3436","26"
"2438",1,"3498","26"
"2174",1,"863","26"
"2178",1,"1047","26"
"2210",1,"2724","26"
"2142",1,"3516","26"
"2784",1,"6675","26"
"2828",1,"5806","26"
"3086",1,"13575","26"
"2313",1,"5141","26"
"2995",1,"18603","26"
"3297",1,"90630","26"
"2241",1,"3244","26"
"2417",1,"4852","26"
"2903",1,"4265","26"
"2913",1,"8291","26"
"2658",1,"10495","26"
"2553",1,"6050","26"
"2496",1,"7638","26"
"2824",1,"7006","26"
"2875",1,"8124","26"
"2436",1,"3339","26"
"4125",1,"3598","26"
"2295",1,"2513","26"
"2252",1,"2728","26"
"2766",1,"9819","26"
"2298",1,"1706","26"
"2209",1,"912","26"
"2598",1,"12128","26"
"2179",1,"714","26"
"2164",1,"1114","26"
"2192",1,"550","26"
"2220",1,"1630","26"
"2316",1,"4911","26"
"2165",1,"272","26"
"2665",1,"8493","26"
"2356",1,"3684","26"
"2412",1,"2967","26"
"2452",1,"4011","26"
"2485",1,"2574","26"
"2264",1,"2460","26"
"2177",1,"710","26"
"2213",1,"1331","26"
"2930",1,"5655","26"
"2507",1,"3575","26"
"2656",1,"5217","26"
"2720",1,"10641","26"
"2796",1,"9286","26"
"2392",1,"1646","26"
"3103",1,"48552","26"
"2354",1,"2495","26"
"2663",1,"4570","26"
"3343",1,"31802","26"
"2225",1,"1435","26"
"2268",1,"1849","26"
"3332",1,"6595","26"
"2517",1,"3151","26"
"2925",1,"9023","26"
"2978",1,"13475","26"
"2276",1,"2217","26"
"2326",1,"4379","26"
"2369",1,"5548","26"
"2771",1,"7273","26"
"2822",1,"11445","26"
"3326",1,"31105","26"
"3340",1,"3409","26"
"3099",1,"35326","26"
"2306",1,"1518","26"
"3356",1,"7495","26"
"4320",1,"5111","26"
"2684",1,"6086","26"
"2655",1,"5815","26"
"2768",1,"5748","26"
"3018",1,"7472","26"
"4348",1,"2291","26"
"3334",1,"9504","26"
"4347",1,"18858","26"
"3241",1,"57082","26"
"2743",1,"5144","26"
"2763",1,"1438","26"
"2986",1,"3444","26"
"2955",1,"5399","26"
"2767",1,"1429","26"
"2792",1,"6054","26"
"2690",1,"3196","26"
"3466",1,"1106","26"
"2687",1,"2574","26"
"3359",1,"12712","26"
"2867",1,"7044","26"
"4271",1,"9154","26"
"2653",1,"4372","26"
"3474",1,"3281","26"
"3460",1,"13984","26"
"2874",1,"4102","26"
"2840",1,"7974","26"
"4272",1,"5902","26"
"2755",1,"6245","26"
"3520",1,"13710","26"
"2774",1,"7485","26"
"3519",1,"1637","26"
"2979",1,"3253","26"
"3499",1,"5812","26"
"3069",1,"5053","26"
"3372",1,"12368","26"
"3030",1,"17248","26"
"3524",1,"23570","26"
"4346",1,"32218","26"
"3097",1,"17479","26"
"3397",1,"6251","26"
"3393",1,"4763","26"
"4264",1,"9618","26"
"3364",1,"17151","26"
"2723",1,"8019","26"
"2741",1,"8175","26"
"3399",1,"48901","26"
"2906",1,"12226","26"
"2859",1,"7472","26"
"2798",1,"8316","26"
"3599",1,"38565","26"
"2907",1,"4669","26"
"2940",1,"4684","26"
"2977",1,"4484","26"
"3552",1,"21850","26"
"3567",1,"2421","26"
"2805",1,"3968","26"
"2742",1,"5109","26"
"3006",1,"6537","26"
"4274",1,"10179","26"
"2873",1,"2835","26"
"2864",1,"1754","26"
"2791",1,"3145","26"
"2870",1,"861","26"
"2751",1,"1894","26"
"3139",1,"4318","26"
"3559",1,"18397","26"
"3664",1,"25182","26"
"4363",1,"56782","26"
"3486",1,"103055","26"
"3636",1,"24213","26"
"3615",1,"9729","26"
"3590",1,"13023","26"
"3556",1,"12863","26"
"3576",1,"5776","26"
"3527",1,"42927","26"
"3545",1,"27362","26"
"3574",1,"4705","26"
"3651",1,"42239","26"
"3620",1,"15205","26"
"4377",1,"168312","26"
"4366",1,"19922","26"
"3624",1,"11170","26"
"3606",1,"1830","26"
"3573",1,"71607","26"
"3598",1,"3678","26"
"3625",1,"3778","26"
"4367",1,"13871","26"
"3627",1,"20104","26"
"4368",1,"49162","26"
"3635",1,"35614","26"
"3531",1,"39422","26"
"4375",1,"34876","26"
"3668",1,"195967","26"
"1734",1,"2374","27"
"1706",1,"1206","27"
"1681",1,"913","27"
"1725",1,"442","27"
"1673",1,"845","27"
"1647",1,"1631","27"
"1567",1,"1108","27"
"1547",1,"666","27"
"1754",1,"939","27"
"1628",1,"3135","27"
"1735",1,"531","27"
"1716",1,"694","27"
"1748",1,"201","27"
"1775",1,"2010","27"
"3995",1,"3875","27"
"1552",1,"293","27"
"2447",1,"1034","27"
"1753",1,"383","27"
"1553",1,"139","27"
"1730",1,"2553","27"
"1761",1,"2664","27"
"1557",1,"733","27"
"4035",1,"3003","27"
"2449",1,"3938","27"
"1565",1,"3840","27"
"2371",1,"6744","27"
"1816",1,"3777","27"
"3986",1,"6755","27"
"1469",1,"6865","27"
"1763",1,"4517","27"
"4176",1,"14186","27"
"1702",1,"4419","27"
"4175",1,"7390","27"
"3963",1,"3575","27"
"1612",1,"5391","27"
"1814",1,"2433","27"
"1844",1,"4057","27"
"3961",1,"5708","27"
"1654",1,"3261","27"
"1684",1,"2877","27"
"4000",1,"3741","27"
"1409",1,"2553","27"
"3936",1,"4931","27"
"2201",1,"1111","27"
"2236",1,"9009","27"
"1820",1,"4357","27"
"1421",1,"1193","27"
"2146",1,"1505","27"
"2191",1,"822","27"
"1600",1,"4566","27"
"1429",1,"867","27"
"3999",1,"4244","27"
"1315",1,"3153","27"
"4009",1,"1923","27"
"1511",1,"4336","27"
"3942",1,"2018","27"
"4045",1,"5124","27"
"3927",1,"2807","27"
"1432",1,"1491","27"
"2034",1,"6105","27"
"1739",1,"4289","27"
"1451",1,"1977","27"
"3960",1,"3503","27"
"1973",1,"2265","27"
"1765",1,"1382","27"
"4174",1,"12863","27"
"1991",1,"3160","27"
"2173",1,"1516","27"
"3939",1,"1347","27"
"1422",1,"1442","27"
"4014",1,"2555","27"
"4043",1,"2966","27"
"2116",1,"4325","27"
"1620",1,"2395","27"
"1607",1,"481","27"
"4114",1,"4107","27"
"3978",1,"3327","27"
"1588",1,"1255","27"
"4122",1,"2715","27"
"2484",1,"8003","27"
"1301",1,"2595","27"
"1776",1,"1495","27"
"1779",1,"698","27"
"1589",1,"434","27"
"2464",1,"1194","27"
"4120",1,"3689","27"
"2194",1,"1195","27"
"3949",1,"5406","27"
"1913",1,"3786","27"
"1460",1,"1671","27"
"1782",1,"908","27"
"4016",1,"1535","27"
"4184",1,"1925","27"
"2545",1,"4986","27"
"2448",1,"1512","27"
"4180",1,"342","27"
"2479",1,"958","27"
"2762",1,"8546","27"
"1591",1,"2372","27"
"1370",1,"4787","27"
"1444",1,"1824","27"
"1788",1,"1902","27"
"2265",1,"5819","27"
"1410",1,"1424","27"
"4153",1,"5261","27"
"1461",1,"1408","27"
"2215",1,"3110","27"
"4036",1,"3038","27"
"1309",1,"2672","27"
"4047",1,"4330","27"
"1793",1,"3662","27"
"1926",1,"963","27"
"2346",1,"5308","27"
"1894",1,"2436","27"
"2458",1,"1845","27"
"2501",1,"9031","27"
"2019",1,"7013","27"
"1631",1,"5074","27"
"2275",1,"1983","27"
"3945",1,"11263","27"
"1454",1,"1471","27"
"3950",1,"7097","27"
"2557",1,"4991","27"
"2284",1,"634","27"
"2286",1,"1024","27"
"2270",1,"4735","27"
"3976",1,"2685","27"
"4259",1,"10934","27"
"1578",1,"2758","27"
"1873",1,"1036","27"
"1866",1,"520","27"
"2149",1,"12369","27"
"1879",1,"348","27"
"1831",1,"10367","27"
"3987",1,"15548","27"
"4137",1,"14601","27"
"3946",1,"12937","27"
"1311",1,"2378","27"
"2067",1,"17433","27"
"1659",1,"12734","27"
"4034",1,"3680","27"
"2197",1,"10438","27"
"2419",1,"20840","27"
"4074",1,"17232","27"
"4253",1,"29856","27"
"4038",1,"10444","27"
"2582",1,"26479","27"
"1570",1,"15723","27"
"3922",1,"14687","27"
"1810",1,"4133","28"
"1764",1,"6699","28"
"2119",1,"1376","28"
"2089",1,"1066","28"
"4097",1,"1267","28"
"1680",1,"8651","28"
"2025",1,"6611","28"
"2095",1,"2960","28"
"1914",1,"14117","28"
"2122",1,"7741","28"
"4012",1,"14204","28"
"4077",1,"5715","28"
"2049",1,"7036","28"
"3997",1,"11610","28"
"2126",1,"5253","28"
"4105",1,"7950","28"
"1718",1,"3618","28"
"1936",1,"10138","28"
"2234",1,"4575","28"
"1952",1,"3496","28"
"2125",1,"5068","28"
"1845",1,"9857","28"
"4052",1,"3204","28"
"1959",1,"2046","28"
"1472",1,"3973","28"
"2097",1,"2872","28"
"2140",1,"3319","28"
"1423",1,"1245","28"
"2040",1,"4910","28"
"2078",1,"2392","28"
"4055",1,"1858","28"
"1960",1,"665","28"
"1992",1,"3188","28"
"2145",1,"3175","28"
"1704",1,"2014","28"
"4021",1,"3535","28"
"1790",1,"5686","28"
"4056",1,"4201","28"
"1685",1,"6537","28"
"1961",1,"1829","28"
"4092",1,"1456","28"
"2114",1,"2208","28"
"4110",1,"2053","28"
"1428",1,"2767","28"
"2169",1,"2765","28"
"1815",1,"3559","28"
"1867",1,"2972","28"
"4083",1,"4381","28"
"2253",1,"4783","28"
"4062",1,"6037","28"
"4020",1,"5579","28"
"1970",1,"3851","28"
"2137",1,"2914","28"
"2185",1,"2420","28"
"1695",1,"3878","28"
"1639",1,"3139","28"
"4041",1,"4352","28"
"1979",1,"2644","28"
"3991",1,"2382","28"
"4004",1,"3169","28"
"1916",1,"3287","28"
"1955",1,"2627","28"
"2198",1,"5886","28"
"2105",1,"5672","28"
"1649",1,"1706","28"
"2134",1,"2650","28"
"1888",1,"2100","28"
"4032",1,"2331","28"
"4101",1,"8517","28"
"1859",1,"1364","28"
"1755",1,"5029","28"
"1993",1,"6359","28"
"1837",1,"3504","28"
"1562",1,"1770","28"
"1523",1,"3752","28"
"1555",1,"707","28"
"2294",1,"5200","28"
"3979",1,"4203","28"
"1653",1,"3729","28"
"1484",1,"4326","28"
"2109",1,"8481","28"
"1743",1,"2278","28"
"4102",1,"5167","28"
"1897",1,"4883","28"
"3971",1,"3195","28"
"2222",1,"5607","28"
"1854",1,"2617","28"
"1773",1,"2204","28"
"1843",1,"3541","28"
"1724",1,"1979","28"
"1742",1,"2797","28"
"1594",1,"4209","28"
"3980",1,"6491","28"
"4131",1,"3692","28"
"2242",1,"4912","28"
"1928",1,"8341","28"
"1489",1,"5039","28"
"1896",1,"5639","28"
"1769",1,"1061","28"
"4026",1,"4938","28"
"4010",1,"3349","28"
"1703",1,"6887","28"
"2231",1,"3631","28"
"2205",1,"2427","28"
"4123",1,"6625","28"
"2045",1,"15735","28"
"1509",1,"3867","28"
"3962",1,"8989","28"
"1930",1,"6631","28"
"2352",1,"2475","28"
"2362",1,"2527","28"
"1917",1,"1536","28"
"2307",1,"2900","28"
"1884",1,"3573","28"
"2076",1,"5713","28"
"1833",1,"4753","28"
"1803",1,"2270","28"
"2329",1,"2817","28"
"2127",1,"2751","28"
"2081",1,"2846","28"
"2195",1,"4373","28"
"2152",1,"1249","28"
"2273",1,"4834","28"
"1514",1,"3853","28"
"3998",1,"5331","28"
"2115",1,"1083","28"
"2143",1,"1324","28"
"4040",1,"2742","28"
"1971",1,"9313","28"
"2099",1,"7549","28"
"2291",1,"4647","28"
"4140",1,"5443","28"
"4121",1,"3789","28"
"2187",1,"4564","28"
"1851",1,"2633","28"
"4029",1,"4683","28"
"2429",1,"1944","28"
"2331",1,"2603","28"
"2364",1,"2353","28"
"2274",1,"3312","28"
"2317",1,"2670","28"
"2003",1,"10140","28"
"1872",1,"3269","28"
"2217",1,"2996","28"
"4068",1,"6031","28"
"2158",1,"7884","28"
"2170",1,"2691","28"
"4126",1,"4802","28"
"1898",1,"3514","28"
"2221",1,"3490","28"
"2020",1,"9753","28"
"4049",1,"4150","28"
"4111",1,"3449","28"
"2112",1,"7193","28"
"4119",1,"2259","28"
"1937",1,"2523","28"
"4059",1,"2334","28"
"3592",1,"2860","29"
"3630",1,"2893","29"
"4370",1,"6328","29"
"3600",1,"1488","29"
"3568",1,"2647","29"
"3632",1,"3791","29"
"3601",1,"876","29"
"3584",1,"2078","29"
"3607",1,"2191","29"
"3551",1,"2206","29"
"3570",1,"2084","29"
"4372",1,"6742","29"
"3534",1,"1091","29"
"3535",1,"1553","29"
"3608",1,"3184","29"
"3665",1,"27798","29"
"3563",1,"982","29"
"3572",1,"1563","29"
"3553",1,"1513","29"
"3587",1,"2242","29"
"3652",1,"6398","29"
"3653",1,"10994","29"
"3536",1,"1942","29"
"3506",1,"2217","29"
"3523",1,"2366","29"
"3565",1,"1860","29"
"3609",1,"2075","29"
"3637",1,"4278","29"
"3537",1,"773","29"
"3610",1,"1814","29"
"3538",1,"951","29"
"3507",1,"1564","29"
"3477",1,"1213","29"
"3484",1,"2503","29"
"3473",1,"999","29"
"3462",1,"835","29"
"3540",1,"2061","29"
"3611",1,"1773","29"
"3508",1,"2179","29"
"3566",1,"2496","29"
"3638",1,"2327","29"
"3654",1,"11310","29"
"3461",1,"1025","29"
"3443",1,"9404","29"
"3579",1,"4007","29"
"3612",1,"2727","29"
"3455",1,"1312","29"
"3487",1,"3057","29"
"3511",1,"3522","29"
"3541",1,"4330","29"
"3639",1,"2194","29"
"3463",1,"4119","29"
"3640",1,"2353","29"
"3649",1,"8441","29"
"3580",1,"1769","29"
"3588",1,"3002","29"
"3613",1,"4921","29"
"3554",1,"2956","29"
"3571",1,"2336","29"
"3489",1,"2000","29"
"3505",1,"1333","29"
"3659",1,"25165","29"
"3512",1,"2965","29"
"3543",1,"3888","29"
"3488",1,"691","29"
"3480",1,"1547","29"
"3490",1,"1115","29"
"3503",1,"2197","29"
"3469",1,"7513","29"
"3526",1,"3361","29"
"3544",1,"3319","29"
"3491",1,"1841","29"
"3479",1,"5798","29"
"3641",1,"3313","29"
"3575",1,"3342","29"
"3591",1,"3285","29"
"3614",1,"3190","29"
"3555",1,"2540","29"
"3546",1,"2418","29"
"3498",1,"3303","29"
"4325",1,"22275","29"
"3312",1,"15305","29"
"4326",1,"20813","29"
"3648",1,"6043","29"
"3525",1,"3397","29"
"3616",1,"2092","29"
"3643",1,"3708","29"
"3438",1,"9880","29"
"3500",1,"1852","29"
"3547",1,"2133","29"
"3495",1,"4325","29"
"3578",1,"2691","29"
"3593",1,"2384","29"
"3557",1,"2622","29"
"3655",1,"17961","29"
"3617",1,"2356","29"
"3548",1,"3477","29"
"3349",1,"7264","29"
"3448",1,"9462","29"
"3514",1,"3510","29"
"3361",1,"12583","29"
"3485",1,"7036","29"
"3644",1,"6957","29"
"3618",1,"2685","29"
"3595",1,"1564","29"
"3589",1,"1413","29"
"3513",1,"1827","29"
"3577",1,"2733","29"
"3558",1,"3301","29"
"3517",1,"2374","29"
"3549",1,"3276","29"
"3660",1,"18189","29"
"3501",1,"2180","29"
"3619",1,"2608","29"
"3645",1,"5063","29"
"3509",1,"592","29"
"3515",1,"4299","29"
"3530",1,"4132","29"
"3401",1,"23548","29"
"3605",1,"3199","29"
"3493",1,"6143","29"
"4342",1,"10367","29"
"3475",1,"6141","29"
"3583",1,"4365","29"
"3650",1,"8134","29"
"3562",1,"10153","29"
"3663",1,"11954","29"
"3642",1,"10932","29"
"3465",1,"12709","29"
"3586",1,"8241","29"
"3658",1,"22949","29"
"4351",1,"24561","29"
"4291",1,"13886","29"
"3142",1,"8086","29"
"3198",1,"5014","29"
"3224",1,"6193","29"
"3447",1,"24116","29"
"4353",1,"19461","29"
"3316",1,"8230","29"
"3291",1,"11806","29"
"4311",1,"4211","29"
"3626",1,"2685","29"
"3143",1,"4807","29"
"3604",1,"2910","29"
"3596",1,"7097","29"
"3646",1,"11733","29"
"4303",1,"12202","29"
"3155",1,"11360","29"
"3244",1,"14097","29"
"3412",1,"8165","29"
"3362",1,"16534","29"
"3634",1,"5723","29"
"4292",1,"6261","29"
"3427",1,"3839","29"
"3431",1,"3580","29"
"3428",1,"904","29"
"4312",1,"10878","29"
"3398",1,"5387","29"
"3417",1,"2521","29"
"3432",1,"9520","29"
"4374",1,"24552","29"
"3582",1,"14307","29"
"4317",1,"11686","29"
"3035",1,"8212","29"
"3064",1,"14595","29"
"4338",1,"9452","29"
"3406",1,"8351","29"
"4327",1,"8484","29"
"3310",1,"29120","29"
"4354",1,"18068","29"
"3271",1,"19635","29"
"3047",1,"3580","29"
"3079",1,"2584","29"
"3472",1,"21331","29"
"3628",1,"6272","29"
"4307",1,"24643","29"
"3098",1,"8579","29"
"3532",1,"5071","29"
"3647",1,"6802","29"
"3585",1,"6689","29"
"3656",1,"44670","29"
"4378",1,"84422","29"
"4355",1,"5103","29"
"3336",1,"27114","29"
"3623",1,"1271","29"
"3633",1,"1216","29"
"3141",1,"9468","29"
"3603",1,"2843","29"
"3510",1,"4342","29"
"3528",1,"17501","29"
"3119",1,"1341","29"
"3492",1,"14210","29"
"4362",1,"18976","29"
"3248",1,"52396","29"
"3120",1,"6799","29"
"4373",1,"28222","29"
"3376",1,"49090","29"
"4350",1,"32756","29"
"4290",1,"23553","29"
"2136",1,"2039","30"
"2204",1,"2476","30"
"2108",1,"2621","30"
"2339",1,"3613","30"
"2233",1,"1555","30"
"2435",1,"7309","30"
"2355",1,"3417","30"
"2239",1,"4125","30"
"2325",1,"3318","30"
"4147",1,"2710","30"
"2401",1,"8057","30"
"4128",1,"5383","30"
"4156",1,"1667","30"
"2351",1,"760","30"
"2370",1,"2638","30"
"2214",1,"15444","30"
"2334",1,"3871","30"
"2124",1,"2623","30"
"2113",1,"6637","30"
"4151",1,"8850","30"
"2373",1,"12441","30"
"2453",1,"17994","30"
"4178",1,"24198","30"
"2541",1,"652","30"
"2180",1,"5267","30"
"2188",1,"3056","30"
"2609",1,"2184","30"
"2592",1,"1070","30"
"2218",1,"4005","30"
"2186",1,"3007","30"
"2535",1,"2789","30"
"2476",1,"2839","30"
"4203",1,"3521","30"
"2596",1,"1300","30"
"4222",1,"11798","30"
"2460",1,"5783","30"
"2480",1,"1907","30"
"4220",1,"4079","30"
"2237",1,"16198","30"
"2468",1,"9348","30"
"2522",1,"4787","30"
"2739",1,"7619","30"
"3022",1,"1444","30"
"2971",1,"2176","30"
"3005",1,"867","30"
"3050",1,"1448","30"
"2569",1,"3445","30"
"3073",1,"732","30"
"4214",1,"5434","30"
"2998",1,"2150","30"
"2961",1,"2395","30"
"4217",1,"2435","30"
"4249",1,"8706","30"
"2936",1,"5691","30"
"3088",1,"975","30"
"2756",1,"8703","30"
"3067",1,"2023","30"
"4189",1,"3069","30"
"2498",1,"3867","30"
"2660",1,"3896","30"
"2854",1,"3874","30"
"3007",1,"1878","30"
"2994",1,"2010","30"
"3080",1,"2684","30"
"3100",1,"1507","30"
"2584",1,"2781","30"
"2632",1,"5447","30"
"2944",1,"3352","30"
"4188",1,"919","30"
"3013",1,"2124","30"
"2521",1,"1435","30"
"2548",1,"5182","30"
"2888",1,"5201","30"
"3044",1,"1416","30"
"4235",1,"6513","30"
"4252",1,"13835","30"
"2829",1,"4686","30"
"4167",1,"6232","30"
"4196",1,"2076","30"
"2367",1,"13931","30"
"4172",1,"1902","30"
"3042",1,"699","30"
"2398",1,"761","30"
"2427",1,"777","30"
"3060",1,"2247","30"
"2382",1,"852","30"
"4287",1,"3127","30"
"4163",1,"837","30"
"2945",1,"3681","30"
"3020",1,"2683","30"
"3045",1,"2907","30"
"2837",1,"4980","30"
"2509",1,"1853","30"
"2976",1,"3649","30"
"4261",1,"4534","30"
"2439",1,"2515","30"
"4192",1,"5243","30"
"4191",1,"2352","30"
"2384",1,"10034","30"
"4289",1,"1779","30"
"2570",1,"4098","30"
"2952",1,"2192","30"
"3104",1,"3039","30"
"3082",1,"4985","30"
"2938",1,"2842","30"
"2667",1,"12873","30"
"3137",1,"1750","30"
"4215",1,"7656","30"
"2844",1,"1778","30"
"2846",1,"3092","30"
"2894",1,"3439","30"
"2571",1,"3038","30"
"2802",1,"10951","30"
"3164",1,"1414","30"
"3136",1,"3247","30"
"3194",1,"2731","30"
"3000",1,"4376","30"
"2965",1,"5570","30"
"2589",1,"10168","30"
"2646",1,"6715","30"
"2915",1,"3900","30"
"3160",1,"1055","30"
"3204",1,"4559","30"
"2868",1,"5709","30"
"3157",1,"3686","30"
"3094",1,"2815","30"
"2683",1,"6863","30"
"3016",1,"4471","30"
"3049",1,"5334","30"
"2738",1,"7279","30"
"3111",1,"3592","30"
"3096",1,"962","30"
"2293",1,"7689","30"
"2681",1,"2725","30"
"2388",1,"19991","30"
"3176",1,"4860","30"
"4258",1,"5809","30"
"4284",1,"2553","30"
"3135",1,"4271","30"
"3167",1,"2974","30"
"2747",1,"3610","30"
"2777",1,"3600","30"
"2881",1,"7029","30"
"4197",1,"7577","30"
"4234",1,"5619","30"
"2703",1,"6141","30"
"2981",1,"6548","30"
"3008",1,"5066","30"
"2799",1,"4855","30"
"4308",1,"18675","30"
"3276",1,"15007","30"
"3105",1,"3298","30"
"2902",1,"3714","30"
"2905",1,"280","30"
"3072",1,"5697","30"
"2523",1,"18699","30"
"2912",1,"1788","30"
"2852",1,"6334","30"
"3187",1,"3875","30"
"3146",1,"4639","30"
"3177",1,"1897","30"
"2901",1,"1562","30"
"3216",1,"8940","30"
"2933",1,"2882","30"
"2765",1,"5482","30"
"2919",1,"804","30"
"4169",1,"6249","30"
"2714",1,"7415","30"
"3093",1,"5668","30"
"2689",1,"8801","30"
"3207",1,"853","30"
"2975",1,"2819","30"
"4257",1,"5757","30"
"4283",1,"7229","30"
"3183",1,"3931","30"
"2914",1,"2908","30"
"3004",1,"3782","30"
"2866",1,"2944","30"
"2591",1,"10222","30"
"3208",1,"7159","30"
"4309",1,"17229","30"
"2344",1,"9948","30"
"2851",1,"8097","30"
"2886",1,"3069","30"
"2985",1,"2686","30"
"3038",1,"13637","30"
"2787",1,"13867","30"
"2916",1,"2578","30"
"2939",1,"4854","30"
"2406",1,"5654","30"
"2420",1,"4645","30"
"2544",1,"11546","30"
"2410",1,"1505","30"
"2931",1,"658","30"
"2927",1,"6016","30"
"2879",1,"9136","30"
"3148",1,"11280","30"
"4296",1,"8625","30"
"2910",1,"4180","30"
"3191",1,"2326","30"
"3178",1,"2462","30"
"2642",1,"20398","30"
"2473",1,"6540","30"
"3192",1,"1965","30"
"4335",1,"23949","30"
"2556",1,"8853","30"
"3211",1,"3644","30"
"3238",1,"18697","30"
"3314",1,"14010","30"
"2488",1,"2359","30"
"3318",1,"4708","30"
"2884",1,"7728","30"
"3009",1,"12923","30"
"2780",1,"14878","30"
"4256",1,"9569","30"
"2610",1,"10524","30"
"4240",1,"8027","30"
"2904",1,"8536","30"
"4239",1,"3995","30"
"2634",1,"10734","30"
"2682",1,"3517","30"
"2839",1,"8374","30"
"2882",1,"7960","30"
"2778",1,"5296","30"
"2878",1,"3800","30"
"2843",1,"5204","30"
"2760",1,"7735","30"
"2670",1,"11090","30"
"2758",1,"5754","30"
"2838",1,"1818","30"
"2865",1,"5498","30"
"2823",1,"4075","30"
"2776",1,"5856","30"
"4207",1,"12883","30"
"2989",1,"14872","30"
"2699",1,"9214","30"
"2810",1,"1309","30"
"2831",1,"1631","30"
"2863",1,"9368","30"
"2834",1,"2788","30"
"3041",1,"3752","30"
"4285",1,"3400","30"
"2993",1,"4612","30"
"2890",1,"4205","30"
"2932",1,"8008","30"
"4282",1,"7545","30"
"2963",1,"6125","30"
"3040",1,"10742","30"
"2996",1,"8776","30"
"2872",1,"3529","30"
"4268",1,"3944","30"
"4343",1,"24282","31"
"2800",1,"1732","31"
"4293",1,"24472","31"
"2779",1,"2433","31"
"2956",1,"9458","31"
"3161",1,"50213","31"
"2811",1,"2849","31"
"2857",1,"17423","31"
"2812",1,"7548","31"
"2969",1,"24032","31"
"4328",1,"41587","31"
"3436",1,"26688","31"
"3313",1,"105866","31"
"2602",1,"21478","31"
"3363",1,"7614","31"
"4324",1,"12246","31"
"2835",1,"30759","31"
"3011",1,"20327","31"
"2946",1,"15873","31"
"2716",1,"26514","31"
"3354",1,"16579","31"
"3084",1,"54088","31"
"3059",1,"3615","31"
"3415",1,"64161","31"
"2972",1,"8837","31"
"3027",1,"6902","31"
"2897",1,"23325","31"
"3327",1,"29878","31"
"3388",1,"8123","31"
"3350",1,"10681","31"
"2735",1,"13739","31"
"2698",1,"12118","31"
"3058",1,"33128","31"
"3076",1,"2411","31"
"2740",1,"13166","31"
"2643",1,"16788","31"
"3329",1,"5129","31"
"3352",1,"6067","31"
"3317",1,"3684","31"
"2941",1,"11143","31"
"3335",1,"1257","31"
"3402",1,"14998","31"
"3581",1,"102018","31"
"4334",1,"1964","31"
"3298",1,"37497","31"
"3631",1,"31433","31"
"3300",1,"1527","31"
"3419",1,"13188","31"
"3390",1,"2095","31"
"3370",1,"3530","31"
"3315",1,"2182","31"
"3330",1,"2474","31"
"2580",1,"10458","31"
"4359",1,"47753","31"
"3389",1,"2100","31"
"3407",1,"2669","31"
"3305",1,"1537","31"
"2786",1,"16285","31"
"2954",1,"3824","31"
"2953",1,"12655","31"
"3289",1,"4477","31"
"4318",1,"2871","31"
"4330",1,"2597","31"
"3308",1,"2984","31"
"3374",1,"2588","31"
"3331",1,"1325","31"
"3277",1,"4828","31"
"3325",1,"3718","31"
"3338",1,"1255","31"
"3483",1,"22271","31"
"3424",1,"11053","31"
"3533",1,"13343","31"
"3457",1,"9951","31"
"3408",1,"3759","31"
"3391",1,"2596","31"
"2988",1,"5978","31"
"2795",1,"9077","31"
"4329",1,"2825","31"
"3378",1,"2084","31"
"3272",1,"21144","31"
"4319",1,"3279","31"
"4339",1,"4701","31"
"3286",1,"3077","31"
"3502",1,"3710","31"
"3522",1,"1709","31"
"3221",1,"31456","31"
"3280",1,"7592","31"
"3470",1,"1961","31"
"3482",1,"1913","31"
"3420",1,"2431","31"
"2841",1,"10584","31"
"3410",1,"2587","31"
"3434",1,"2527","31"
"3456",1,"2407","31"
"3150",1,"19677","31"
"3365",1,"3195","31"
"3384",1,"1016","31"
"3113",1,"3312","31"
"4286",1,"2863","31"
"3304",1,"4126","31"
"4316",1,"6012","31"
"3385",1,"908","31"
"4371",1,"28390","31"
"3481",1,"1844","31"
"4331",1,"1090","31"
"3476",1,"1191","31"
"2817",1,"2228","31"
"3471",1,"877","31"
"3124",1,"2273","31"
"3109",1,"1087","31"
"4313",1,"4357","31"
"3170",1,"10170","31"
"4333",1,"3432","31"
"3416",1,"1780","31"
"3423",1,"1431","31"
"4341",1,"1920","31"
"3464",1,"1313","31"
"3453",1,"1641","31"
"3425",1,"1124","31"
"3441",1,"991","31"
"3234",1,"6686","31"
"3227",1,"6295","31"
"3430",1,"1033","31"
"3442",1,"1690","31"
"4337",1,"1359","31"
"3337",1,"14825","31"
"3367",1,"3088","31"
"3129",1,"5874","31"
"3414",1,"4415","31"
"3433",1,"2029","31"
"3375",1,"5240","31"
"3294",1,"21655","31"
"4304",1,"16461","31"
"3366",1,"2738","31"
"3171",1,"8454","31"
"3169",1,"987","31"
"3235",1,"7574","31"
"3264",1,"7955","31"
"3358",1,"7235","31"
"3233",1,"1040","31"
"3274",1,"7631","31"
"3110",1,"6466","32"
"2861",1,"9365","32"
"4265",1,"5851","32"
"3174",1,"13922","32"
"4288",1,"2468","32"
"2967",1,"17149","32"
"3162",1,"17274","32"
"3081",1,"12097","32"
"3134",1,"10400","32"
"3034",1,"3211","32"
"3083",1,"6059","32"
"3182",1,"28894","32"
"3138",1,"11443","32"
"3075",1,"9154","32"
"3214",1,"32751","32"
"3293",1,"82663","32"
"3283",1,"14595","32"
"3265",1,"6972","32"
"3243",1,"8752","32"
"3266",1,"4828","32"
"4294",1,"11750","32"
"4299",1,"8917","32"
"3095",1,"11309","32"
"3231",1,"4125","32"
"3254",1,"4064","32"
"3165",1,"13119","32"
"3089",1,"7489","32"
"3250",1,"3339","32"
"3269",1,"13345","32"
"3200",1,"6301","32"
"3218",1,"2745","32"
"3232",1,"5268","32"
"4310",1,"10029","32"
"4305",1,"138242","32"
"3202",1,"4301","32"
"3285",1,"14265","32"
"3292",1,"18692","32"
"3282",1,"16702","32"
"3321",1,"41974","32"
"3307",1,"11387","32"
"3287",1,"12991","32"
"3279",1,"4354","32"
"3268",1,"14820","32"
"3147",1,"5482","32"
"3339",1,"60375","32"
"3122",1,"857","32"
"3320",1,"22184","32"
"3215",1,"9195","32"
"3061",1,"307","32"
"3087",1,"5825","32"
"3123",1,"4125","32"
"3341",1,"15291","32"
"3055",1,"6687","32"
"4295",1,"8451","32"
"3237",1,"14996","32"
"3278",1,"5402","32"
"3662",1,"93931","32"
"3190",1,"7177","32"
"3173",1,"10739","32"
"3203",1,"11259","32"
"3108",1,"12353","32"
"3561",1,"132153","32"
"3252",1,"23177","32"
"3071",1,"6430","32"
"3342",1,"30676","32"
"4302",1,"6157","32"
"3039",1,"5856","32"
"3395",1,"67665","32"
"4281",1,"8977","32"
"3057",1,"1323","32"
"4279",1,"2572","32"
"3029",1,"6236","32"
"3311",1,"26386","32"
"2942",1,"8353","32"
"2935",1,"1346","32"
"2924",1,"565","32"
"3369",1,"13352","32"
"4301",1,"18071","32"
"2929",1,"555","32"
"3172",1,"10537","32"
"3223",1,"7564","32"
"3048",1,"1626","32"
"4277",1,"3045","32"
"3175",1,"7729","32"
"2951",1,"2408","32"
"2948",1,"711","32"
"2895",1,"4474","32"
"3360",1,"8845","32"
"3219",1,"8769","32"
"3383",1,"6935","32"
"2947",1,"2676","32"
"2921",1,"2309","32"
"4276",1,"3327","32"
"3085",1,"3193","32"
"3077",1,"573","32"
"3063",1,"582","32"
"3319",1,"11785","32"
"3373",1,"1456","32"
"3052",1,"1026","32"
"3024",1,"3785","32"
"3309",1,"5146","32"
"3368",1,"6270","32"
"4278",1,"2118","32"
"4280",1,"9483","32"
"4345",1,"52224","32"
"3228",1,"12151","32"
"3381",1,"2607","32"
"3403",1,"3605","32"
"4315",1,"10506","32"
"3299",1,"4418","32"
"3003",1,"4337","32"
"3295",1,"2271","32"
"3409",1,"3062","32"
"3033",1,"4226","32"
"3301",1,"3849","32"
"3386",1,"885","32"
"3404",1,"494","32"
"3400",1,"229","32"
"3387",1,"938","32"
"3396",1,"479","32"
"3070",1,"6989","32"
"2917",1,"5484","32"
"4273",1,"13958","32"
"3371",1,"14694","32"
"3296",1,"1072","32"
"4336",1,"776","32"
"4300",1,"12316","32"
"3394",1,"3406","32"
"3290",1,"2163","32"
"3303",1,"25267","32"
"3411",1,"2628","32"
"3205",1,"7965","32"
"3251",1,"7117","32"
"3284",1,"5503","32"
"3405",1,"4679","32"
"4246",1,"24987","32"
"3125",1,"10258","32"
"3025",1,"13169","32"
"2704",1,"4973","32"
"2712",1,"10638","32"
"3413",1,"6657","32"
"3239",1,"7256","32"
"4314",1,"3526","32"
"3154",1,"5882","32"
"3184",1,"5104","32"
"3262",1,"3916","32"
"3478",1,"31453","32"
"3197",1,"3763","32"
"3213",1,"6518","32"
"3273",1,"16261","32"
"3421",1,"5939","32"
"2871",1,"14478","32"
"2958",1,"15604","32"
"2722",1,"6337","32"
"3422",1,"4362","32"
"3459",1,"7938","32"
"3392",1,"48733","32"
"3418",1,"5934","32"
"3246",1,"4182","32"
"2694",1,"3741","32"
"3117",1,"11784","32"
"2661",1,"8743","32"
"4349",1,"137066","32"
"3253",1,"9946","32"
"2922",1,"7500","32"
"2450",1,"11420","32"
"4242",1,"1820","32"
"2753",1,"11095","32"
"2574",1,"13564","32"
"3156",1,"7928","32"
"2678",1,"4869","32"
"2899",1,"8438","32"
"3439",1,"3789","32"
"3230",1,"3729","32"
"3245",1,"53502","32"
"3236",1,"3729","32"
"4251",1,"4518","32"
"3467",1,"31517","32"
"2600",1,"7928","32"
"2631",1,"12006","32"
"2858",1,"7768","32"
"2321",1,"5060","32"
"3445",1,"3431","32"
"2278",1,"8421","32"
"3429",1,"17305","32"
"3226",1,"3082","32"
"3199",1,"14650","32"
"4149",1,"8885","32"
"2328",1,"1134","32"
"3185",1,"8345","32"
"2474",1,"11450","32"
"3166",1,"6501","32"
"4254",1,"4315","32"
"3126",1,"9603","32"
"3152",1,"11728","32"
"2769",1,"5558","32"
"2833",1,"7403","32"
"3046",1,"13520","32"
"4263",1,"11429","32"
"4148",1,"4157","32"
"2031",1,"4373","32"
"4080",1,"14036","32"
"4238",1,"5215","32"
"3068",1,"12154","32"
"2752",1,"2570","32"
"3010",1,"9203","32"
"2783",1,"4834","32"
"2732",1,"2078","32"
"2850",1,"5978","32"
"2524",1,"22861","32"
"3019",1,"3481","32"
"3458",1,"17030","32"
"4247",1,"4240","32"
"4129",1,"5557","32"
"2310",1,"14061","32"
"2082",1,"9196","32"
"2887",1,"10128","32"
"4250",1,"5887","32"
"2789",1,"3820","32"
"2266",1,"4097","32"
"2240",1,"2125","32"
"2847",1,"11252","32"
"4130",1,"2045","32"
"2675",1,"14694","32"
"2159",1,"3253","32"
"2561",1,"19058","32"
"3001",1,"10744","32"
"2117",1,"12315","32"
"2785",1,"5396","32"
"2297",1,"6419","32"
"2229",1,"5387","32"
"4136",1,"864","32"
"3106",1,"16049","32"
"2285",1,"1915","32"
"2966",1,"5132","32"
"2959",1,"2159","32"
"2141",1,"4130","32"
"2964",1,"205","32"
"2973",1,"4248","32"
"2790",1,"7901","32"
"2696",1,"9583","32"
"3451",1,"49644","32"
"3444",1,"9257","32"
"2750",1,"6021","32"
"2949",1,"5318","32"
"3092",1,"3614","32"
"3112",1,"2586","32"
"2318",1,"5437","32"
"3090",1,"1408","32"
"2271",1,"3627","32"
"3163",1,"6829","32"
"3189",1,"31655","32"
"2603",1,"14287","32"
"4144",1,"9306","32"
"3078",1,"4722","32"
"3127",1,"4311","32"
"4162",1,"13941","32"
"2727",1,"1601","32"
"2695",1,"6701","32"
"2311",1,"8541","32"
"2801",1,"5820","32"
"2226",1,"9778","32"
"3454",1,"47230","32"
"3450",1,"13135","32"
"2378",1,"3250","32"
"2629",1,"12852","32"
"2471",1,"3114","32"
"2726",1,"2355","32"
"2396",1,"8217","32"
"3437",1,"3986","32"
"3188",1,"726","32"
"2230",1,"13821","32"
"2749",1,"4238","32"
"2469",1,"8392","32"
"2647",1,"9552","32"
"2700",1,"3741","32"
"4221",1,"13516","32"
"2680",1,"5098","32"
"2825",1,"388","33"
"2821",1,"312","33"
"2820",1,"956","33"
"2826",1,"6484","33"
"4260",1,"4214","33"
"3670",1,"38747","34"
"3661",1,"26457","34"
"4358",1,"14689","34"
"3564",1,"8047","34"
"4365",1,"24509","34"
"3622",1,"9996","34"
"3621",1,"9298","34"
"3669",1,"25424","34"
"4321",1,"4014","35"
"3346",1,"1698","35"
"4352",1,"15278","35"
"3468",1,"18767","35"
"3496",1,"5135","35"
"4340",1,"22042","35"
"3516",1,"3663","35"
"3435",1,"17434","35"
"3539",1,"2051","35"
"3497",1,"2230","35"
"3355",1,"5102","35"
"4332",1,"8651","35"
"3379",1,"6528","35"
"3518",1,"3164","35"
"3446",1,"3881","35"
"3542",1,"2125","35"
"3494",1,"8633","35"
"3377",1,"792","35"
"3382",1,"11161","35"
"3449",1,"2726","35"
"3452",1,"18571","35"
"3529",1,"9282","35"
"3550",1,"7426","35"
"3380",1,"832","35"
"4344",1,"40801","35"
"3569",1,"17942","35"
"3504",1,"23852","35"
"3521",1,"35850","35"
"3602",1,"15948","35"
"4360",1,"20114","35"
"3594",1,"7199","35"
"3597",1,"11965","35"
"3426",1,"80387","35"
"3560",1,"22665","35"
"4357",1,"31303","35"
"4369",1,"11694","35"
"4322",1,"33435","35"
"3440",1,"9902","35"
"4356",1,"6968","36"
"4364",1,"42752","36"
"3666",1,"110208","36"
"4361",1,"165641","36"
"3629",1,"58375","36"
"3657",1,"111735","36"
"3745",1,"2058","38"
"473",1,"3823","38"
"416",1,"1265","38"
"430",1,"3534","38"
"3728",1,"2702","38"
"304",1,"193","38"
"307",1,"2230","38"
"272",1,"4215","38"
"302",1,"1625","38"
"403",1,"5940","38"
"325",1,"8394","38"
"3770",1,"6182","38"
"410",1,"5280","38"
"226",1,"3565","38"
"398",1,"13634","38"
"278",1,"9739","38"
"3747",1,"5175","38"
"214",1,"3227","38"
"242",1,"8289","38"
"3757",1,"2792","38"
"441",1,"12512","38"
"3727",1,"13035","38"
"211",1,"8248","38"
"344",1,"11854","38"
"3703",1,"1907","38"
"218",1,"4660","38"
"317",1,"7334","38"
"3711",1,"8834","38"
"458",1,"15417","38"
"3739",1,"5124","38"
"376",1,"8550","38"
"193",1,"20013","38"
"361",1,"6071","38"
"249",1,"12778","38"
"329",1,"6881","38"
"337",1,"4669","38"
"271",1,"16378","38"
"3729",1,"4523","38"
"374",1,"5041","38"
"147",1,"17798","38"
"125",1,"10574","38"
"393",1,"5417","38"
"345",1,"8616","38"
"305",1,"17060","38"
"418",1,"4960","38"
"217",1,"12441","38"
"213",1,"6138","38"
"187",1,"19512","38"
"141",1,"17670","38"
"336",1,"16939","38"
"3704",1,"14615","38"
"3696",1,"10560","38"
"223",1,"10611","38"
"229",1,"7115","38"
"152",1,"12117","38"
"3814",1,"5864","39"
"801",1,"8215","39"
"849",1,"4693","39"
"846",1,"3048","39"
"923",1,"4683","39"
"865",1,"8542","39"
"920",1,"4031","39"
"930",1,"3060","39"
"810",1,"7609","39"
"931",1,"1406","39"
"991",1,"7286","39"
"718",1,"13436","39"
"934",1,"2865","39"
"791",1,"7097","39"
"1021",1,"5140","39"
"643",1,"10607","39"
"805",1,"5667","39"
"881",1,"8892","39"
"3789",1,"3712","39"
"956",1,"5951","39"
"3830",1,"9289","39"
"615",1,"1835","39"
"648",1,"1231","39"
"693",1,"3804","39"
"817",1,"4823","39"
"705",1,"8152","39"
"3802",1,"9542","39"
"660",1,"1704","39"
"3791",1,"2284","39"
"1017",1,"11123","39"
"625",1,"2385","39"
"3829",1,"15115","39"
"885",1,"7582","39"
"559",1,"2199","39"
"3794",1,"2057","39"
"633",1,"2826","39"
"663",1,"1138","39"
"671",1,"261","39"
"669",1,"362","39"
"674",1,"148","39"
"3801",1,"6923","39"
"675",1,"1784","39"
"1066",1,"3349","39"
"703",1,"1664","39"
"551",1,"3033","39"
"3786",1,"3630","39"
"1078",1,"3023","39"
"1121",1,"3395","39"
"580",1,"1059","39"
"574",1,"3157","39"
"958",1,"9355","39"
"3841",1,"10084","39"
"3797",1,"3151","39"
"944",1,"14303","39"
"3800",1,"2104","39"
"698",1,"2107","39"
"589",1,"1735","39"
"746",1,"3200","39"
"682",1,"2284","39"
"749",1,"15402","39"
"1081",1,"4763","39"
"701",1,"1446","39"
"596",1,"2737","39"
"644",1,"3296","39"
"670",1,"3056","39"
"3773",1,"5542","39"
"613",1,"1657","39"
"1084",1,"3726","39"
"3799",1,"2628","39"
"985",1,"14608","39"
"608",1,"2463","39"
"3803",1,"10435","39"
"618",1,"2090","39"
"651",1,"8623","39"
"631",1,"1545","39"
"576",1,"5905","39"
"616",1,"1495","39"
"1097",1,"4718","39"
"1111",1,"2207","39"
"1082",1,"5784","39"
"879",1,"7067","39"
"3756",1,"3663","39"
"1118",1,"1615","39"
"523",1,"7091","39"
"3774",1,"1463","39"
"1000",1,"6358","39"
"612",1,"11233","39"
"888",1,"10408","39"
"1160",1,"1914","39"
"590",1,"3293","39"
"3824",1,"15654","39"
"854",1,"9833","39"
"968",1,"8703","39"
"467",1,"1466","39"
"1091",1,"3551","39"
"1127",1,"4742","39"
"1008",1,"4363","39"
"980",1,"9649","39"
"886",1,"6481","39"
"744",1,"11118","39"
"1020",1,"14182","39"
"1098",1,"9721","39"
"583",1,"9648","39"
"900",1,"4701","39"
"739",1,"7903","39"
"800",1,"10794","39"
"876",1,"7540","39"
"728",1,"6334","39"
"581",1,"10611","39"
"733",1,"2318","39"
"912",1,"11098","39"
"678",1,"13952","39"
"743",1,"5572","39"
"622",1,"7590","39"
"768",1,"5874","39"
"834",1,"5212","39"
"494",1,"6966","39"
"696",1,"5831","39"
"546",1,"7256","39"
"397",1,"3508","39"
"459",1,"5381","39"
"626",1,"4279","39"
"653",1,"4514","39"
"566",1,"8975","39"
"451",1,"7054","39"
"431",1,"2556","39"
"427",1,"2150","39"
"492",1,"4354","39"
"470",1,"2162","39"
"413",1,"1347","39"
"439",1,"1316","39"
"3748",1,"246","39"
"448",1,"653","39"
"438",1,"304","39"
"1134",1,"2184","40"
"3887",1,"2092","40"
"1146",1,"17918","40"
"3904",1,"16756","40"
"1191",1,"4553","40"
"1145",1,"2376","40"
"1227",1,"2209","40"
"3925",1,"13792","40"
"1240",1,"1264","40"
"1242",1,"576","40"
"1257",1,"506","40"
"1210",1,"2724","40"
"1241",1,"1310","40"
"1152",1,"6166","40"
"989",1,"6903","41"
"945",1,"6976","41"
"1016",1,"2487","41"
"1026",1,"4372","41"
"1015",1,"2858","41"
"908",1,"6555","41"
"882",1,"6179","41"
"851",1,"3992","41"
"3852",1,"5846","41"
"877",1,"1893","41"
"901",1,"3906","41"
"978",1,"5265","41"
"842",1,"2514","41"
"890",1,"3624","41"
"3828",1,"10538","42"
"893",1,"3207","42"
"947",1,"10562","42"
"939",1,"1484","42"
"774",1,"408","42"
"3845",1,"19056","42"
"953",1,"3347","42"
"929",1,"7647","42"
"1031",1,"8749","42"
"3813",1,"3278","42"
"795",1,"9861","42"
"906",1,"3565","42"
"3884",1,"6815","42"
"874",1,"6852","42"
"913",1,"1841","42"
"967",1,"3838","42"
"1038",1,"2931","42"
"1049",1,"1352","42"
"1039",1,"383","42"
"1046",1,"157","42"
"1058",1,"648","42"
"1048",1,"122","42"
"1062",1,"597","42"
"1052",1,"564","42"
"1067",1,"1869","42"
"910",1,"4462","42"
"1090",1,"4152","42"
"1110",1,"3534","42"
"1101",1,"1588","42"
"1115",1,"4008","42"
"115",1,"80986","43"
"3705",1,"7002","43"
"162",1,"59750","43"
"189",1,"10772","43"
"56",1,"102788","43"
"134",1,"72616","43"
"3701",1,"3002","43"
"188",1,"14471","43"
"57",1,"9411","43"
"55",1,"67850","43"
"3694",1,"32539","43"
"83",1,"36047","43"
"106",1,"7142","43"
"98",1,"4738","43"
"9",1,"119002","43"
"52",1,"21895","43"
"46",1,"8600","43"
"3686",1,"9279","43"
"58",1,"9062","43"
"39",1,"12918","43"
"95",1,"6928","43"
"107",1,"7954","43"
"31",1,"7931","43"
"66",1,"11577","43"
"3679",1,"7862","43"
"28",1,"8588","43"
"110",1,"9069","43"
"25",1,"14422","43"
"40",1,"3708","43"
"3680",1,"4590","43"
"75",1,"15937","43"
"117",1,"9564","43"
"26",1,"8211","43"
"103",1,"12448","43"
"34",1,"6791","43"
"47",1,"14563","43"
"126",1,"6215","43"
"8",1,"13265","43"
"85",1,"23219","43"
"131",1,"4181","43"
"36",1,"13308","43"
"691",1,"1935","44"
"726",1,"3644","44"
"741",1,"1649","44"
"3798",1,"17612","44"
"3772",1,"17874","44"
"586",1,"3363","44"
"555",1,"9284","44"
"732",1,"1608","44"
"736",1,"2708","44"
"636",1,"20158","44"
"700",1,"5081","44"
"588",1,"5496","44"
"484",1,"23638","44"
"672",1,"10459","44"
"602",1,"6315","44"
"493",1,"4543","44"
"646",1,"4586","44"
"587",1,"1797","44"
"620",1,"1786","44"
"748",1,"3169","45"
"742",1,"855","45"
"761",1,"10009","45"
"758",1,"9800","45"
"793",1,"9476","45"
"828",1,"1937","45"
"826",1,"1809","45"
"830",1,"4679","45"
"1065",1,"6663","46"
"1140",1,"7035","46"
"1188",1,"7181","46"
"1077",1,"1687","46"
"3875",1,"889","46"
"1075",1,"767","46"
"917",1,"3442","46"
"1093",1,"6861","46"
"1053",1,"12483","46"
"1229",1,"9690","46"
"1303",1,"5646","46"
"889",1,"3350","46"
"863",1,"5689","46"
"1173",1,"8325","46"
"1385",1,"4406","46"
"935",1,"9710","46"
"1259",1,"5761","46"
"1319",1,"4093","46"
"916",1,"3061","46"
"907",1,"2501","46"
"1116",1,"7791","46"
"1343",1,"4217","46"
"905",1,"5972","46"
"1072",1,"8460","46"
"1085",1,"2213","46"
"1283",1,"4192","46"
"1100",1,"769","46"
"1187",1,"5896","46"
"1218",1,"2236","46"
"1389",1,"9216","46"
"3859",1,"11949","46"
"1011",1,"11037","46"
"1102",1,"2613","46"
"1158",1,"6788","46"
"1204",1,"3688","46"
"1233",1,"1008","46"
"1296",1,"2359","46"
"1308",1,"2692","46"
"1372",1,"4319","46"
"1237",1,"2059","46"
"1253",1,"3405","46"
"1122",1,"7020","46"
"1330",1,"2526","46"
"1398",1,"3504","46"
"1278",1,"2773","46"
"1043",1,"8452","46"
"1400",1,"3268","46"
"1344",1,"2313","46"
"3932",1,"2517","46"
"1426",1,"2734","46"
"1295",1,"2315","46"
"1433",1,"6338","46"
"1211",1,"5419","46"
"1154",1,"9401","46"
"1360",1,"1645","46"
"1337",1,"1721","46"
"1474",1,"6138","46"
"1235",1,"2796","46"
"1310",1,"1846","46"
"1063",1,"7184","46"
"1286",1,"2271","46"
"1380",1,"5421","46"
"1181",1,"3978","46"
"1252",1,"1392","46"
"1366",1,"4598","46"
"1163",1,"6000","46"
"1190",1,"4806","46"
"1258",1,"3864","46"
"1351",1,"4158","46"
"1120",1,"4871","46"
"1169",1,"5124","46"
"1333",1,"2826","46"
"1307",1,"2331","46"
"1347",1,"5948","46"
"1318",1,"731","46"
"1288",1,"2196","46"
"1263",1,"3758","46"
"1209",1,"7032","46"
"1331",1,"3105","46"
"1316",1,"3842","46"
"1225",1,"5329","46"
"1299",1,"5577","46"
"1176",1,"5329","46"
"1143",1,"4085","46"
"3903",1,"5196","46"
"1217",1,"2842","46"
"1185",1,"2317","46"
"1189",1,"981","46"
"1155",1,"2234","46"
"1201",1,"4780","46"
"1197",1,"5081","46"
"515",1,"3239","47"
"425",1,"9428","47"
"370",1,"1607","47"
"375",1,"1321","47"
"324",1,"1525","47"
"367",1,"1876","47"
"537",1,"4097","47"
"600",1,"2097","47"
"561",1,"2690","47"
"3780",1,"3135","47"
"309",1,"4173","47"
"326",1,"1965","47"
"386",1,"2312","47"
"238",1,"58514","47"
"680",1,"9041","47"
"611",1,"2103","47"
"346",1,"8250","47"
"383",1,"3559","47"
"568",1,"4624","47"
"3724",1,"6887","47"
"627",1,"2558","47"
"605",1,"6824","47"
"637",1,"4385","47"
"483",1,"9434","47"
"408",1,"5931","47"
"442",1,"3151","47"
"434",1,"938","47"
"419",1,"371","47"
"436",1,"800","47"
"73",1,"144480","47"
"412",1,"1909","47"
"417",1,"1519","47"
"509",1,"8587","47"
"619",1,"6261","47"
"3782",1,"12837","47"
"3718",1,"20833","47"
"423",1,"1698","47"
"350",1,"16227","47"
"444",1,"2519","47"
"276",1,"12108","47"
"422",1,"604","47"
"785",1,"7988","47"
"414",1,"2954","47"
"420",1,"2873","47"
"429",1,"1215","47"
"443",1,"2055","47"
"3761",1,"7548","47"
"433",1,"7595","47"
"764",1,"9057","47"
"3781",1,"21797","47"
"747",1,"11206","47"
"507",1,"8748","47"
"487",1,"8646","47"
"254",1,"38431","47"
"3752",1,"18153","47"
"456",1,"3957","47"
"465",1,"4044","47"
"432",1,"7149","47"
"720",1,"10552","47"
"485",1,"4455","47"
"358",1,"8154","47"
"300",1,"11228","47"
"402",1,"3831","47"
"3746",1,"4033","47"
"478",1,"2143","47"
"315",1,"6018","47"
"3775",1,"10937","47"
"409",1,"1529","47"
"490",1,"2449","47"
"396",1,"964","47"
"385",1,"911","47"
"496",1,"2727","47"
"0",1,"223296","47"
"3743",1,"1043","47"
"372",1,"2471","47"
"389",1,"795","47"
"379",1,"827","47"
"184",1,"41126","47"
"591",1,"921","47"
"424",1,"3755","47"
"3687",1,"269738","47"
"514",1,"2711","47"
"3749",1,"1939","47"
"585",1,"1851","47"
"547",1,"2112","47"
"3763",1,"5475","47"
"371",1,"3913","47"
"601",1,"1799","47"
"301",1,"12418","47"
"536",1,"1984","47"
"3737",1,"8863","47"
"3726",1,"20009","47"
"3751",1,"3649","47"
"253",1,"8474","47"
"3723",1,"8191","47"
"3713",1,"7462","47"
"3673",1,"135693","47"
"3720",1,"18285","48"
"279",1,"84041","48"
"3740",1,"11255","48"
"368",1,"2615","48"
"366",1,"10411","48"
"380",1,"5051","48"
"3742",1,"8682","48"
"283",1,"5791","48"
"311",1,"8632","48"
"388",1,"10481","48"
"308",1,"14466","48"
"3683",1,"163632","48"
"1785",1,"6226","49"
"4011",1,"12339","49"
"1772",1,"2507","49"
"4057",1,"21987","49"
"1929",1,"4021","49"
"1750",1,"2118","49"
"4048",1,"11637","49"
"4082",1,"56187","49"
"3966",1,"10702","49"
"1466",1,"16007","49"
"1532",1,"6317","49"
"1908",1,"6302","49"
"1285",1,"1198","49"
"1332",1,"3032","49"
"1356",1,"4828","49"
"1390",1,"5204","49"
"1964",1,"39592","49"
"1887",1,"8034","49"
"1741",1,"12976","49"
"1266",1,"913","49"
"1397",1,"12783","49"
"3953",1,"15638","49"
"1558",1,"9264","49"
"1597",1,"15197","49"
"1277",1,"2402","49"
"1245",1,"2242","49"
"1265",1,"665","49"
"1650",1,"18997","49"
"2257",1,"14655","49"
"3912",1,"2476","49"
"3902",1,"742","49"
"1223",1,"569","49"
"2250",1,"5808","49"
"3901",1,"3295","49"
"1239",1,"1137","49"
"2007",1,"24669","49"
"1232",1,"1146","49"
"1302",1,"11143","49"
"1292",1,"3787","49"
"2199",1,"23013","49"
"1863",1,"21469","49"
"1207",1,"1855","49"
"2035",1,"7906","49"
"1479",1,"18327","49"
"1608",1,"7437","49"
"2075",1,"5787","49"
"1617",1,"13513","49"
"1892",1,"17641","49"
"1449",1,"12959","49"
"1931",1,"4936","49"
"1996",1,"3753","49"
"1672",1,"19347","49"
"1829",1,"21363","49"
"1909",1,"5518","49"
"1476",1,"8105","49"
"1391",1,"9677","49"
"1593",1,"6614","49"
"1539",1,"18952","49"
"1598",1,"4166","49"
"1627",1,"8473","49"
"142",1,"25603","50"
"203",1,"33952","50"
